"id","sex","dob","political_capital","education","family_capital","capital_father","capital_mother","party1","party2","party3","party4","t1","t2","t3","t4","t5","t6","t7","t8","t9","president","minister","senator","deputy","undersecretary","intendant","ceo","cabinet_chief","party_leader"
"1","Hombre",1963,"Nacional","Titulado de Magíster",0,0,0,"Partido Demócrata Cristiano (PDC)",NA,NA,NA,"Ejercicio Libre de Prof.","Asesor ministerial","Jefe de gabinete","Directorio o gerencia Emp. Púb.","Universidades","Ejercicio Libre de Prof.","Asesor ministerial","Ejercicio Libre de Prof.","Subsecretario",0,0,0,0,1,0,0,0,0
"2","Hombre",1931,"Nacional","Universitaria completa",0,0,0,"Partido Radical (PR)","Partido Social Democracia (SD)","Partido Por la Democracia (PPD)",NA,"Directorio o gerencia Emp. Púb.","Miembro Corte Suprema","Universidades",NA,NA,NA,NA,NA,NA,0,1,0,0,0,0,0,0,0
"3","Hombre",1948,"Regional","Estudios de Postgrado",0,0,0,"Partido Por la Democracia (PPD)",NA,NA,NA,"Otro (especificar)","Otro (especificar)","Org. Inter.","Diputado","Diputado","Diputado",NA,NA,NA,0,0,0,1,0,0,0,0,0
"4","Hombre",1951,"Nacional","Universitaria completa",0,0,0,"Partido Demócrata Cristiano (PDC)",NA,NA,NA,"Diputado","Diputado","Diputado","Asesor ministerial","Jefe de Servicio","Ejercicio Libre de Prof.","ONGs",NA,NA,0,0,0,1,0,0,0,0,0
"5","Mujer",NA,"No ocupó cargo","Estudios de Postgrado",0,0,0,"Partido Por la Democracia (PPD)",NA,NA,NA,"Consultor","Consultor","Otro (especificar)","Otro (especificar)","Jefe de División","Org. Inter.",NA,NA,NA,0,0,0,0,0,0,0,1,0
"6","Hombre",NA,"No ocupó cargo","Titulado de Magíster",0,0,0,"Partido Por la Democracia (PPD)",NA,NA,NA,"Otro (especificar)","Otro (especificar)","Asesor ministerial","Jefe de gabinete","SEREMI","SEREMI","Consultor","Jefe de División","Jefe de Servicio",0,0,0,0,0,0,0,1,0
"7","Hombre",1953,"Nacional","Estudios de Postgrado",0,0,0,"Izquierda Cristiana (IC)","Partido Socialista de Chile (PS)",NA,NA,"Diputado","Diputado","Diputado","Diputado","Diputado","Diputado",NA,NA,NA,0,0,0,1,0,0,0,0,0
"8","Hombre",NA,"Local","Universitaria completa",0,0,0,"Partido Demócrata Cristiano (PDC)",NA,NA,NA,"SEREMI","Jefe de División","Jefe de gabinete","Jefe de Servicio",NA,NA,NA,NA,NA,0,0,0,0,0,0,0,1,0
"9","Mujer",1968,"Nacional","Titulado de Doctor",0,0,0,"Partido Demócrata Cristiano (PDC)",NA,NA,NA,"ONGs","Universidades","Ejercicio Libre de Prof.","Consultor","Jefe de gabinete","Ministro",NA,NA,NA,0,1,0,0,0,0,0,0,0
"10","Hombre",1958,"Nacional","Universitaria completa",0,0,0,"Izquierda Cristiana (IC)","Partido Socialista de Chile (PS)",NA,NA,"ONGs","Consultor","Consultor","Consultor","Consultor","Consultor","Directorio o gerencia Emp. Púb.","Subsecretario","Consultor",0,0,0,0,1,0,0,0,0
"11","Hombre",1958,"Nacional","Media",0,0,0,"Partido Por la Democracia (PPD)",NA,NA,NA,"Otro (especificar)","Otro (especificar)","Diputado","Diputado",NA,NA,NA,NA,NA,0,0,0,1,0,0,0,0,0
"12","Hombre",1937,"Nacional","Titulado de Magíster",0,0,0,"Otro (indicar)","Partido Demócrata Cristiano (PDC)",NA,NA,"Subsecretario","Jefe de División","Gobernador","Intendente","Universidades","Jefe de Servicio","Think Tanks","Directorio o gerencia de Emp. privada","Think Tanks",0,0,0,0,1,0,0,0,0
"13","Hombre",1940,"Nacional","Estudios de Postgrado",1,1,0,"Partido Socialista de Chile (PS)",NA,NA,NA,"Ministro","Embajador","Directorio o gerencia Emp. Púb.",NA,NA,NA,NA,NA,NA,0,1,0,0,0,0,0,0,0
"14","Hombre",1960,"Nacional","Universitaria completa",0,0,0,"Unión Demócrata Independiente (UDI)",NA,NA,NA,"Ejercicio Libre de Prof.","Diputado","Subsecretario",NA,NA,NA,NA,NA,NA,0,0,0,1,0,0,0,0,0
"15","Hombre",1966,"Nacional","Titulado de Doctor",0,0,0,"Unión Demócrata Independiente (UDI)",NA,NA,NA,"Ejercicio Libre de Prof.","Universidades","Otro (especificar)","Diputado",NA,NA,NA,NA,NA,0,0,0,1,0,0,0,0,0
"16","Hombre",1962,"No ocupó cargo","Titulado de Magíster",1,1,0,"Partido Por la Democracia (PPD)","Partido Socialista de Chile (PS)",NA,NA,"Directorio o gerencia Emp. Púb.","Subsecretario","Jefe de Servicio",NA,NA,NA,NA,NA,NA,0,1,0,0,0,0,0,0,0
"17","Hombre",1948,"Local","Universitaria o técnica sin título",1,1,0,"Renovación Nacional (RN)","Unión Demócrata Independiente (UDI)",NA,NA,"Jefe de gabinete","Diputado",NA,NA,NA,NA,NA,NA,NA,0,0,0,1,0,0,0,0,0
"18","Hombre",1953,"Nacional","Universitaria completa",0,0,0,"Partido Socialista de Chile (PS)",NA,NA,NA,"Ejercicio Libre de Prof.","Otro (especificar)","Otro (especificar)","Otro (especificar)","Otro (especificar)","Otro (especificar)","Otro (especificar)","Ministro","Diputado",0,1,0,0,0,0,0,0,0
"19","Mujer",1954,"Nacional","Estudios de Postgrado",0,0,0,"Partido Socialista de Chile (PS)",NA,NA,NA,"ONGs","Funcionario Público","Jefe de División","Subsecretario","Ministro",NA,NA,NA,NA,0,1,0,0,0,0,0,0,0
"20","Hombre",1948,"No ocupó cargo","Titulado de Doctor",0,0,0,"Partido Demócrata Cristiano (PDC)",NA,NA,NA,"Funcionario Público","Ministro","Embajador",NA,NA,NA,NA,NA,NA,0,1,0,0,0,0,0,0,0
"21","Mujer",1952,"No ocupó cargo","Universitaria completa",0,0,0,"Partido Por la Democracia (PPD)",NA,NA,NA,"Directorio o gerencia de Emp. privada","Otro (especificar)","Universidades","Directorio o gerencia Emp. Púb.","Ministro","Directorio o gerencia de Emp. privada",NA,NA,NA,0,1,0,0,0,0,0,0,0
"22","Hombre",1941,"Nacional","Estudios de Postgrado",0,0,0,"Partido Socialista de Chile (PS)",NA,NA,NA,"Diputado","Diputado","Asesor ministerial","Intendente","Ejercicio Libre de Prof.","Ejercicio Libre de Prof.",NA,NA,NA,0,0,0,1,0,0,0,0,0
"23","Mujer",NA,"Nacional","Estudios de Postgrado",0,0,0,"Partido Radical Socialdemócrata (PRSD)",NA,NA,NA,"Jefe de División","Jefe de División","Asesor ministerial","Jefe de División","Asesor ministerial","Asesor ministerial","Asesor ministerial","Subsecretario","Subsecretario",0,0,0,0,1,0,0,0,0
"24","Hombre",1974,"Nacional","Universitaria completa",1,1,0,"Partido Demócrata Cristiano (PDC)","Partido Regionalista de los Independientes (PRI)",NA,NA,"Otro (especificar)","Otro (especificar)","Otro (especificar)","Ejercicio Libre de Prof.","Ejercicio Libre de Prof.","Diputado","Diputado","Diputado",NA,0,0,0,1,0,0,0,0,0
"25","Hombre",1972,"Regional","Universitaria completa",0,0,0,"Unión Demócrata Independiente (UDI)",NA,NA,NA,"Universidades","Ejercicio Libre de Prof.","Jefe de gabinete","Diputado",NA,NA,NA,NA,NA,0,0,0,1,0,0,0,0,0
"26","Hombre",NA,"Nacional","Estudios de Postgrado",0,0,0,"Partido Demócrata Cristiano (PDC)",NA,NA,NA,"Jefe de División","Jefe de División","Jefe de División","Jefe de División",NA,NA,NA,NA,NA,0,0,0,0,0,0,0,1,0
"27","Hombre",NA,"No ocupó cargo","Técnica completa",0,0,0,"Partido Demócrata Cristiano (PDC)",NA,NA,NA,"Jefe de División",NA,NA,NA,NA,NA,NA,NA,NA,0,0,0,0,0,0,0,1,0
"28","Mujer",1950,"Nacional","Titulado de Magíster",0,0,0,"Partido Por la Democracia (PPD)",NA,NA,NA,"Jefe de División","Jefe de Servicio","Jefe de División","Embajador","Ministro",NA,NA,NA,NA,0,1,0,0,0,0,0,0,0
"29","Hombre",1941,"Nacional","Candidato a Doctor",0,0,0,"Partido Socialista de Chile (PS)","Partido Comunista de Chile (PC)",NA,NA,"ONGs","Ministro","Ministro","Ministro","Embajador","Universidades","Ejercicio Libre de Prof.",NA,NA,0,1,0,0,0,0,0,0,0
"30","Hombre",1943,"Nacional","Universitaria o técnica sin título",0,0,0,"Partido Demócrata Cristiano (PDC)",NA,NA,NA,"Otro (especificar)","Ministro","Embajador","Directorio o gerencia Emp. Púb.","Ejercicio Libre de Prof.","Ejercicio Libre de Prof.","Ejercicio Libre de Prof.","Ejercicio Libre de Prof.","Ejercicio Libre de Prof.",0,1,0,0,0,0,0,0,0
"31","Hombre",1955,"Nacional","Titulado de Magíster",0,0,0,"Partido Demócrata Cristiano (PDC)",NA,NA,NA,"Directorio o gerencia Emp. Púb.","Ministro","Directorio o gerencia Emp. Púb.",NA,NA,NA,NA,NA,NA,0,1,0,0,0,0,0,0,0
"32","Hombre",1953,"Regional","Universitaria completa",0,0,0,"Partido Demócrata Cristiano (PDC)",NA,NA,NA,"Gobernador","Diputado",NA,NA,NA,NA,NA,NA,NA,0,0,0,1,0,0,0,0,0
"33","Hombre",1957,"Nacional","Candidato a Doctor",0,0,0,"Partido Socialista de Chile (PS)","Partido Por la Democracia (PPD)",NA,NA,"ONGs","Consultor","Directorio o gerencia Emp. Púb.","Embajador","Diputado",NA,NA,NA,NA,0,0,0,1,0,0,0,0,0
"34","Mujer",NA,NA,"Estudios de Postgrado",0,0,0,NA,NA,NA,NA,"Jefe de División","Jefe de División","Jefe de División","Jefe de División",NA,NA,NA,NA,NA,0,0,0,0,0,0,0,1,0
"35","Hombre",1942,"No ocupó cargo","Universitaria completa",0,0,0,"Movimiento de Acción Popular Unitaria (MAPU)","Partido Por la Democracia (PPD)","Partido Radical Socialdemócrata (PRSD)",NA,"Jefe de División","Diputado","Senador",NA,NA,NA,NA,NA,NA,0,0,1,0,0,0,0,0,0
"36","Hombre",1952,"No ocupó cargo","Titulado de Magíster",0,0,0,"Partido Por la Democracia (PPD)",NA,NA,NA,"Funcionario Público","Funcionario Público","Funcionario Público","Jefe de gabinete","Jefe de gabinete","Embajador","Embajador","Embajador","Embajador",0,0,0,0,0,0,0,1,0
"37","Hombre",1918,"Nacional","Universitaria completa",0,0,0,"Otro (indicar)",NA,NA,NA,"Presidente de la República","Ejercicio Libre de Prof.",NA,NA,NA,NA,NA,NA,NA,1,0,0,0,0,0,0,0,0
"38","Mujer",1949,"Nacional","Universitaria completa",1,1,0,"Partido Demócrata Cristiano (PDC)",NA,NA,NA,"Diputado","Otro (especificar)","Ministro",NA,NA,NA,NA,NA,NA,0,1,0,0,0,0,0,0,0
"39","Hombre",1925,"Nacional","Universitaria completa",0,0,0,"Partido Demócrata Cristiano (PDC)",NA,NA,NA,"ONGs","Universidades","Diputado","Diputado",NA,NA,NA,NA,NA,0,0,0,1,0,0,0,0,0
"40","Mujer",NA,NA,"Universitaria completa",1,1,0,NA,NA,NA,NA,"Otro (especificar)","Directorio o gerencia de Emp. privada","Jefe de División","Asesor ministerial","Directorio o gerencia de Emp. privada","Asesor ministerial",NA,NA,NA,0,0,0,0,0,0,0,1,0
"41","Mujer",NA,"Nacional","Titulado de Magíster",0,0,0,"Partido Demócrata Cristiano (PDC)",NA,NA,NA,"Otro (especificar)","Jefe de gabinete","Superintendente","Subsecretario",NA,NA,NA,NA,NA,0,0,0,0,1,0,0,0,0
"42","Mujer",1954,"Nacional","Estudios de Postgrado",1,1,0,"Partido Socialista de Chile (PS)",NA,NA,NA,"Funcionario Público","Otro (especificar)","Asesor ministerial","Jefe de División","Otro (especificar)","Ministro",NA,NA,NA,0,1,0,0,0,0,0,0,0
"43","Hombre",1967,"Nacional","Titulado de Magíster",0,0,0,"Partido Socialista de Chile (PS)",NA,NA,NA,"Universidades","Otro (especificar)","Consejero Organismo Púb.","Jefe de gabinete",NA,NA,NA,NA,NA,0,0,0,0,1,0,0,0,0
"44","Hombre",1958,"Regional","Universitaria completa",0,0,0,"Renovación Nacional (RN)","Unión Demócrata Independiente (UDI)",NA,NA,"Directorio o gerencia de Emp. privada","Ejercicio Libre de Prof.","Diputado",NA,NA,NA,NA,NA,NA,0,0,0,1,0,0,0,0,0
"45","Hombre",1953,"Nacional","Universitaria o técnica sin título",0,0,0,"Movimiento de Acción Popular Unitaria (MAPU)","Partido Por la Democracia (PPD)",NA,NA,"Diputado","Diputado","Diputado","Intendente","Universidades","Directorio o gerencia Emp. Púb.",NA,NA,NA,0,0,0,1,0,0,0,0,0
"46","Hombre",1949,"Nacional","Universitaria completa",0,0,0,"Unión Demócrata Independiente (UDI)",NA,NA,NA,"Diputado","Ejercicio Libre de Prof.","Universidades",NA,NA,NA,NA,NA,NA,0,0,0,1,0,0,0,0,0
"47","Hombre",NA,"Nacional","Universitaria completa",0,0,0,"Partido Por la Democracia (PPD)",NA,NA,NA,"Ejercicio Libre de Prof.","Consultor","Gobernador","Jefe de División","Think Tanks","Asesor ministerial","Directorio o gerencia de Emp. privada",NA,NA,0,0,0,0,0,0,0,1,0
"48","Hombre",1947,"No ocupó cargo","Técnica completa",0,0,0,"Unión Demócrata Independiente (UDI)",NA,NA,NA,"Ejercicio Libre de Prof.","Diputado","Diputado","Diputado",NA,NA,NA,NA,NA,0,0,0,1,0,0,0,0,0
"49","Hombre",1933,"Nacional","Titulado de Magíster",0,0,0,"Partido Liberal","Partido Nacional (PN)","Renovación Nacional (RN)",NA,"Diputado","Diputado","Diputado","Ejercicio Libre de Prof.",NA,NA,NA,NA,NA,0,0,0,1,0,0,0,0,0
"50","Hombre",NA,"No ocupó cargo","Universitaria completa",0,0,0,"Movimiento de Acción Popular Unitaria (MAPU)","Partido Por la Democracia (PPD)",NA,NA,"Jefe de gabinete","Jefe de gabinete","Jefe de gabinete","Jefe de División",NA,NA,NA,NA,NA,0,0,0,0,0,0,0,1,0
"51","Hombre",1955,"Regional","Universitaria completa",1,1,0,"Renovación Nacional (RN)",NA,NA,NA,"Ejercicio Libre de Prof.","Directorio o gerencia de Emp. privada","Diputado",NA,NA,NA,NA,NA,NA,0,0,0,1,0,0,0,0,0
"52","Hombre",NA,"No ocupó cargo","Universitaria completa",0,0,0,"Partido Por la Democracia (PPD)",NA,NA,NA,"Asesor ministerial","Asesor ministerial","Asesor ministerial","Jefe de División","Subsecretario",NA,NA,NA,NA,0,0,0,0,1,0,0,0,0
"53","Mujer",NA,"Nacional","Titulado de Magíster",0,0,0,"Partido Radical (PR)","Partido Por la Democracia (PPD)",NA,NA,"Jefe de Servicio","Subsecretario","Intendente","SEREMI","Directorio o gerencia Emp. Púb.","Directorio o gerencia Emp. Púb.","Directorio o gerencia de Emp. privada","Directorio o gerencia Emp. Púb.",NA,0,0,0,0,1,0,0,0,0
"54","Hombre",1954,"Nacional","Universitaria completa",0,0,0,"Renovación Nacional (RN)",NA,NA,NA,"Ejercicio Libre de Prof.","Diputado","Diputado","Diputado","Diputado",NA,NA,NA,NA,0,0,0,1,0,0,0,0,0
"55","Hombre",1935,NA,"Candidato a Doctor",0,0,0,NA,NA,NA,NA,"Otro (especificar)","Directorio o gerencia de Emp. privada","Consultor","Embajador","Consejero Organismo Púb.","Asesor ministerial","Directorio o gerencia de Emp. privada",NA,NA,0,0,0,0,0,0,1,0,0
"56","Mujer",1933,NA,"Universitaria completa",0,0,0,NA,NA,NA,NA,"Ministro","Intendente","Universidades","Ejercicio Libre de Prof.","Directorio o gerencia de Emp. privada",NA,NA,NA,NA,0,1,0,0,0,0,0,0,0
"57","Hombre",1940,"Nacional","Titulado de Magíster",0,0,0,"Izquierda Cristiana (IC)","Partido Por la Democracia (PPD)",NA,NA,"Otro (especificar)","Senador","Ministro","Otro (especificar)","Ministro",NA,NA,NA,NA,0,1,0,0,0,0,0,0,0
"58","Hombre",1957,"Local","Titulado de Doctor",0,0,0,"Partido Por la Democracia (PPD)",NA,NA,NA,"Asesor ministerial","Directorio o gerencia Emp. Púb.","Directorio o gerencia Emp. Púb.","Ministro","Consejero Organismo Púb.",NA,NA,NA,NA,0,1,0,0,0,0,0,0,0
"59","Mujer",1956,"No ocupó cargo","Titulado de Magíster",1,1,0,"Partido Demócrata Cristiano (PDC)","Partido Por la Democracia (PPD)",NA,NA,"Asesor ministerial","Jefe de Servicio","Subsecretario","Ministro",NA,NA,NA,NA,NA,0,1,0,0,0,0,0,0,0
"60","Hombre",1958,"Regional","Estudios de Postgrado",0,0,0,"Unión Demócrata Independiente (UDI)",NA,NA,NA,"Otro (especificar)","Directorio o gerencia de Emp. privada","Diputado","Diputado",NA,NA,NA,NA,NA,0,0,0,1,0,0,0,0,0
"61","Hombre",1925,"No ocupó cargo","Estudios de Postgrado",0,0,0,"Partido Demócrata Cristiano (PDC)",NA,NA,NA,"Ministro","Senador","Org. Inter.","Directorio o gerencia de Emp. privada",NA,NA,NA,NA,NA,0,1,0,0,0,0,0,0,0
"62","Hombre",1957,"Nacional","Universitaria completa",0,0,0,"Partido Comunista de Chile (PC)","Movimiento de Acción Popular Unitaria (MAPU)","Partido Por la Democracia (PPD)",NA,"Jefe de gabinete","Think Tanks","Otro (especificar)","Jefe de División","Otro (especificar)","Embajador","Think Tanks","Jefe de División","Think Tanks",0,0,0,0,0,0,0,1,0
"63","Hombre",1944,"Nacional","Titulado de Doctor",0,0,0,"Movimiento de Acción Popular Unitaria (MAPU)","Partido Por la Democracia (PPD)",NA,NA,"Jefe de Servicio","Jefe de Servicio","Jefe de Servicio","Jefe de Servicio","Ministro",NA,NA,NA,NA,0,1,0,0,0,0,0,0,0
"64","Hombre",1956,"Nacional","Universitaria completa",0,0,0,"Partido Demócrata Cristiano (PDC)",NA,NA,NA,"Jefe de gabinete","Subsecretario","Senador","Subsecretario","Diputado","Diputado","Diputado",NA,NA,0,0,0,1,0,0,0,0,0
"65","Hombre",1940,"No ocupó cargo","Universitaria completa",0,0,0,"Otro (indicar)",NA,NA,NA,"Directorio o gerencia Emp. Púb.","Directorio o gerencia de Emp. privada","Consultor","Ejercicio Libre de Prof.","Universidades",NA,NA,NA,NA,0,0,0,0,0,0,1,0,0
"66","Mujer",NA,"No ocupó cargo","Estudios de Postgrado",0,0,0,"Partido Demócrata Cristiano (PDC)",NA,NA,NA,"Funcionario Público","Jefe de gabinete","Jefe de División","Consultor","Ejercicio Libre de Prof.",NA,NA,NA,NA,0,0,0,0,0,0,0,1,0
"67","Hombre",1953,"Nacional","Universitaria completa",1,1,0,"Partido Radical (PR)","Partido Radical Socialdemócrata (PRSD)",NA,NA,"Universidades","Ejercicio Libre de Prof.","Diputado","Diputado","Ministro","Ejercicio Libre de Prof.","Think Tanks",NA,NA,0,1,0,0,0,0,0,0,0
"68","Hombre",1972,"Nacional","Universitaria completa",0,0,0,"Partido Por la Democracia (PPD)",NA,NA,NA,"Otro (especificar)","Jefe de Servicio","Otro (especificar)","Diputado",NA,NA,NA,NA,NA,0,0,0,1,0,0,0,0,0
"69","Hombre",1948,"Nacional","Titulado de Magíster",1,1,0,"Unión Demócrata Independiente (UDI)",NA,NA,NA,"Senador",NA,NA,NA,NA,NA,NA,NA,NA,0,0,1,0,0,0,0,0,0
"70","Mujer",1937,"Nacional","Estudios de Postgrado",0,0,0,"Partido Demócrata Cristiano (PDC)",NA,NA,NA,"Diputado","Org. Inter.","Diputado","Consultor","Directorio o gerencia Emp. Púb.","Ejercicio Libre de Prof.",NA,NA,NA,0,0,0,1,0,0,0,0,0
"71","Hombre",1945,"Nacional","Estudios de Postgrado",0,0,0,"Partido Nacional (PN)","Renovación Nacional (RN)",NA,NA,"Subsecretario","Ejercicio Libre de Prof.","Ejercicio Libre de Prof.","Diputado",NA,NA,NA,NA,NA,0,0,0,1,0,0,0,0,0
"72","Hombre",1952,"Nacional","Universitaria completa",0,0,0,"Partido Comunista de Chile (PC)",NA,NA,NA,"Otro (especificar)","Diputado","Diputado",NA,NA,NA,NA,NA,NA,0,0,0,0,0,0,0,0,1
"73","Hombre",NA,"Nacional","Candidato a Doctor",0,0,0,"Partido Demócrata Cristiano (PDC)",NA,NA,NA,"Asesor ministerial","Directorio o gerencia Emp. Púb.","Jefe de División","Jefe de gabinete","Asesor ministerial","Funcionario Público",NA,NA,NA,0,0,0,0,0,0,0,1,0
"74","Mujer",1974,"Nacional","Titulado de Magíster",0,0,0,"Partido Radical Socialdemócrata (PRSD)",NA,NA,NA,"Ejercicio Libre de Prof.","Gobernador","Subsecretario","Subsecretario","Directorio o gerencia Emp. Púb.","Ejercicio Libre de Prof.","Consultor",NA,NA,0,0,0,0,1,0,0,0,0
"75","Hombre",NA,"Nacional","Titulado de Magíster",0,0,0,"Partido Demócrata Cristiano (PDC)","Izquierda Cristiana (IC)","Partido Socialista de Chile (PS)",NA,"Otro (especificar)","Jefe de División","Jefe de División","Directorio o gerencia Emp. Púb.","Consejero Organismo Púb.","Universidades",NA,NA,NA,0,0,0,0,0,0,0,1,0
"76","Hombre",1933,"Nacional","Universitaria completa",1,1,0,"Partido Demócrata Cristiano (PDC)",NA,NA,NA,"Diputado","Diputado","Directorio o gerencia de Emp. privada",NA,NA,NA,NA,NA,NA,0,0,0,1,0,0,0,0,0
"77","Hombre",1946,"Regional","Universitaria completa",0,0,0,"Movimiento de Acción Popular Unitaria (MAPU)","Partido Por la Democracia (PPD)",NA,NA,"Otro (especificar)","Ejercicio Libre de Prof.","Subsecretario","Subsecretario","Subsecretario","Subsecretario","Subsecretario",NA,NA,0,0,0,1,0,0,0,0,0
"78","Hombre",NA,"Regional",NA,0,0,0,"Partido Demócrata Cristiano (PDC)",NA,NA,NA,"ONGs","Asesor ministerial","Otro (especificar)","Jefe de División","Directorio o gerencia Emp. Púb.","Jefe de División","Consultor",NA,NA,0,0,0,0,0,0,0,1,0
"79","Hombre",1956,"Nacional","Universitaria completa",0,0,0,"Unión Demócrata Independiente (UDI)",NA,NA,NA,"Diputado","Diputado","Senador","Senador",NA,NA,NA,NA,NA,0,0,1,0,0,0,0,0,0
"80","Hombre",1976,"Nacional","Universitaria completa",0,0,0,"Partido Demócrata Cristiano (PDC)",NA,NA,NA,"Ejercicio Libre de Prof.","SEREMI","Jefe de División","Ejercicio Libre de Prof.","Diputado",NA,NA,NA,NA,0,0,0,1,0,0,0,0,0
"81","Hombre",1971,"Nacional","Estudios de Postgrado",0,0,0,"Renovación Nacional (RN)",NA,NA,NA,"Directorio o gerencia de Emp. privada","Diputado","Senador",NA,NA,NA,NA,NA,NA,0,0,1,0,0,0,0,0,0
"82","Hombre",1960,"No ocupó cargo","Candidato a Doctor",0,0,0,"Partido Demócrata Cristiano (PDC)",NA,NA,NA,"Directorio o gerencia de Emp. privada","Asesor ministerial","Subsecretario","Superintendente","Directorio o gerencia de Emp. privada",NA,NA,NA,NA,0,0,0,0,0,0,1,0,0
"83","Hombre",1956,"Nacional","Universitaria completa",0,0,0,"Renovación Nacional (RN)","Unión Demócrata Independiente (UDI)",NA,NA,"Diputado","Diputado","Diputado","Senador",NA,NA,NA,NA,NA,0,0,1,0,0,0,0,0,0
"84","Mujer",NA,"Nacional","Titulado de Magíster",0,0,0,"Partido de Acción De Centro (PAC)","Partido Humanista (PH)",NA,NA,"Asesor ministerial","Consejero Organismo Púb.","Universidades",NA,NA,NA,NA,NA,NA,0,0,0,0,0,0,0,0,1
"85","Hombre",1943,NA,"Titulado de Doctor",0,0,0,NA,NA,NA,NA,"Directorio o gerencia Emp. Púb.",NA,NA,NA,NA,NA,NA,NA,NA,0,0,0,0,0,0,1,0,0
"86","Hombre",1955,"Nacional","Universitaria completa",0,0,0,"Partido Demócrata Cristiano (PDC)",NA,NA,NA,"Diputado","Asesor ministerial","Otro (especificar)","Diputado",NA,NA,NA,NA,NA,0,0,0,1,0,0,0,0,0
"87","Hombre",1938,"Regional","Media",0,0,0,"Unión Demócrata Independiente (UDI)",NA,NA,NA,"Diputado",NA,NA,NA,NA,NA,NA,NA,NA,0,0,0,1,0,0,0,0,0
"88","Hombre",1945,"Nacional","Universitaria completa",0,0,0,"Partido Demócrata Cristiano (PDC)","Movimiento de Acción Popular Unitaria (MAPU)","Partido Socialista de Chile (PS)",NA,"Ministro","Asesor ministerial","Org. Inter.","Consultor","Directorio o gerencia de Emp. privada",NA,NA,NA,NA,0,1,0,0,0,0,0,0,0
"89","Hombre",1939,"Nacional","Titulado de Doctor",0,0,0,"Partido Socialista de Chile (PS)",NA,NA,NA,"Ministro","Otro (especificar)","Ministro","Consultor","Jefe de Servicio","Consultor","Jefe de Servicio","Consultor","Consultor",0,1,0,0,0,0,0,0,0
"90","Hombre",NA,"Nacional","Estudios de Postgrado",1,1,0,"Partido de Acción De Centro (PAC)",NA,NA,NA,"Jefe de División","Asesor ministerial",NA,NA,NA,NA,NA,NA,NA,0,0,0,0,0,0,0,1,0
"91","Hombre",NA,"Nacional","Universitaria o técnica sin título",0,0,0,"Partido Por la Democracia (PPD)",NA,NA,NA,"Universidades","Consultor","Jefe de gabinete","Jefe de gabinete","Jefe de gabinete","Think Tanks","Consejero Organismo Púb.",NA,NA,0,0,0,0,0,0,0,1,0
"92","Mujer",NA,NA,"Universitaria completa",0,0,0,NA,NA,NA,NA,"Otro (especificar)","Otro (especificar)","Jefe de División",NA,NA,NA,NA,NA,NA,0,0,0,0,0,0,0,1,0
"93","Mujer",1942,"Nacional","Estudios de Postgrado",0,0,0,"Renovación Nacional (RN)","Unión Demócrata Independiente (UDI)",NA,NA,"Diputado","Diputado","Diputado","Diputado","Diputado","Diputado",NA,NA,NA,0,0,0,1,0,0,0,0,0
"94","Hombre",1951,"No ocupó cargo","Titulado de Magíster",0,0,0,"Movimiento de Izquierda Revolucionaria (MIR)","Partido Por la Democracia (PPD)","Partido Socialista de Chile (PS)",NA,"Jefe de gabinete","Jefe de Servicio","Ministro",NA,NA,NA,NA,NA,NA,0,1,0,0,0,0,0,0,0
"95","Hombre",NA,"Local","Universitaria o técnica sin título",0,0,0,"Partido Demócrata Cristiano (PDC)",NA,NA,NA,"Otro (especificar)","Jefe de gabinete","Jefe de gabinete",NA,NA,NA,NA,NA,NA,0,0,0,0,0,0,0,1,0
"96","Hombre",1930,"Nacional","Universitaria completa",0,0,0,"Partido Demócrata Cristiano (PDC)",NA,NA,NA,"Ministro","Ejercicio Libre de Prof.","Consultor","Universidades",NA,NA,NA,NA,NA,0,1,0,0,0,0,0,0,0
"97","Hombre",1959,"No ocupó cargo",NA,0,0,0,"Unión Demócrata Independiente (UDI)",NA,NA,NA,"Universidades","Think Tanks","Ministro","Universidades",NA,NA,NA,NA,NA,0,1,0,0,0,0,0,0,0
"98","Hombre",NA,NA,"Estudios de Postgrado",0,0,0,NA,NA,NA,NA,"Directorio o gerencia de Emp. privada","Directorio o gerencia de Emp. privada","Consultor","Jefe de Servicio","Jefe de Servicio","Consultor","Directorio o gerencia de Emp. privada",NA,NA,0,0,0,0,0,0,1,0,0
"99","Hombre",1945,"Nacional","Titulado de Magíster",0,0,0,"Renovación Nacional (RN)",NA,NA,NA,"Directorio o gerencia de Emp. privada","Directorio o gerencia de Emp. privada","Consejero Organismo Púb.","Directorio o gerencia de Emp. privada","Directorio o gerencia de Emp. privada","Directorio o gerencia de Emp. privada","Directorio o gerencia de Emp. privada","Directorio o gerencia de Emp. privada","Diputado",0,0,0,1,0,0,0,0,0
"100","Mujer",1947,"Local","Titulado de Magíster",0,0,0,"Movimiento de Acción Popular Unitaria (MAPU)","Partido Socialista de Chile (PS)","Partido Por la Democracia (PPD)",NA,"ONGs","Ministro","Ministro","Jefe de gabinete","Intendente","Otro (especificar)",NA,NA,NA,0,1,0,0,0,0,0,0,0
"101","Hombre",1971,"Nacional","Candidato a Doctor",0,0,0,"Partido Socialista de Chile (PS)",NA,NA,NA,"Asesor ministerial","Org. Inter.","Gobernador","Jefe de División","Diputado","Diputado",NA,NA,NA,0,0,0,1,0,0,0,0,0
"102","Hombre",1951,"Nacional","Titulado de Magíster",0,0,0,"Unión Demócrata Independiente (UDI)",NA,NA,NA,"Diputado",NA,NA,NA,NA,NA,NA,NA,NA,0,0,0,1,0,0,0,0,0
"103","Mujer",NA,"Nacional","Titulado de Magíster",0,0,0,"Partido Demócrata Cristiano (PDC)",NA,NA,NA,"Universidades","Consultor","Asesor ministerial","Jefe de gabinete","Jefe de gabinete","Jefe de División","Otro (especificar)","Subsecretario","Directorio o gerencia Emp. Púb.",0,0,0,0,1,0,0,0,0
"104","Hombre",1949,"Nacional","Estudios de Postgrado",0,0,0,"Partido Demócrata Cristiano (PDC)",NA,NA,NA,"Org. Inter.","ONGs","Consultor","Consejero Organismo Púb.","Jefe de División","Subsecretario","Ejercicio Libre de Prof.","Ministro","Directorio o gerencia Emp. Púb.",0,1,0,0,0,0,0,0,0
"105","Hombre",1961,"No ocupó cargo","Titulado de Magíster",0,0,0,"Partido Por la Democracia (PPD)",NA,NA,NA,"Universidades","Consultor","Org. Inter.","Jefe de Servicio","Subsecretario","Universidades","Consultor","Jefe de Servicio","Subsecretario",0,0,0,0,1,0,0,0,0
"106","Hombre",1943,NA,"Universitaria completa",0,0,0,NA,NA,NA,NA,"Directorio o gerencia de Emp. privada","Intendente","Ministro","Directorio o gerencia de Emp. privada",NA,NA,NA,NA,NA,0,1,0,0,0,0,0,0,0
"107","Hombre",1944,"Nacional","Universitaria o técnica sin título",0,0,0,"Partido Demócrata Cristiano (PDC)",NA,NA,NA,"Diputado","Diputado","Diputado","Embajador","Directorio o gerencia Emp. Púb.","Directorio o gerencia Emp. Púb.",NA,NA,NA,0,0,0,1,0,0,0,0,0
"108","Hombre",NA,"Nacional","Estudios de Postgrado",0,0,0,"Partido Por la Democracia (PPD)",NA,NA,NA,"Funcionario Público","Funcionario Público","Ejercicio Libre de Prof.","Ejercicio Libre de Prof.","Funcionario Público","Jefe de gabinete","Jefe de gabinete","Agregaduría en el Extranjero","Agregaduría en el Extranjero",0,0,0,0,0,0,0,1,0
"109","Hombre",1947,"No ocupó cargo","Universitaria completa",0,0,0,"Partido Demócrata Cristiano (PDC)","Movimiento de Acción Popular Unitaria (MAPU)","Partido Por la Democracia (PPD)","Partido Socialista de Chile (PS)","Jefe de Servicio","Consultor","Jefe de División","Jefe de Servicio","Jefe de División","Consultor","Subsecretario","Universidades","Otro (especificar)",0,0,0,0,1,0,0,0,0
"110","Hombre",1969,"No ocupó cargo","Titulado de Magíster",0,0,0,"Partido Socialista de Chile (PS)",NA,NA,NA,"Ejercicio Libre de Prof.","Superintendente",NA,NA,NA,NA,NA,NA,NA,0,0,0,0,0,0,1,0,0
"111","Hombre",1943,"Nacional","Titulado de Magíster",0,0,0,"Partido Socialista de Chile (PS)",NA,NA,NA,"ONGs","SEREMI","Diputado","Diputado","Diputado","Diputado",NA,NA,NA,0,0,0,1,0,0,0,0,0
"112","Hombre",1958,"Nacional","Estudios de Postgrado",0,0,0,"Movimiento de Izquierda Revolucionaria (MIR)","Partido Socialista de Chile (PS)",NA,NA,"Jefe de gabinete","Subsecretario","Jefe de Servicio","Org. Inter.","Directorio o gerencia Emp. Púb.","Jefe de Servicio","Intendente","Ministro","Universidades",0,1,0,0,0,0,0,0,0
"113","Hombre",NA,NA,NA,0,0,0,NA,NA,NA,NA,"Funcionario Público","Universidades","Ejercicio Libre de Prof.","Jefe de Servicio","Ejercicio Libre de Prof.",NA,NA,NA,NA,0,0,0,0,0,0,1,0,0
"114","Hombre",1967,"Nacional","Titulado de Magíster",0,0,0,"Partido Demócrata Cristiano (PDC)",NA,NA,NA,"Think Tanks","Otro (especificar)","Asesor ministerial","Jefe de gabinete","Jefe de gabinete","Superintendente","Ministro","Universidades","Ejercicio Libre de Prof.",0,1,0,0,0,0,0,0,0
"115","Hombre",1956,"Nacional","Universitaria completa",0,0,0,"Renovación Nacional (RN)",NA,NA,NA,"Diputado","Diputado","Diputado","Senador","Senador",NA,NA,NA,NA,0,0,1,0,0,0,0,0,0
"116","Hombre",1966,"No ocupó cargo","Estudios de Postgrado",0,0,0,"Partido Demócrata Cristiano (PDC)",NA,NA,NA,"Otro (especificar)","Otro (especificar)","Otro (especificar)","Otro (especificar)","Otro (especificar)","Jefe de División","Jefe de División","Jefe de División","Jefe de División",0,0,0,0,0,0,0,1,0
"117","Hombre",1970,"Nacional","Estudios de Postgrado",1,1,0,"Partido Socialista de Chile (PS)",NA,NA,NA,"SEREMI","Jefe de División","Diputado",NA,NA,NA,NA,NA,NA,0,0,0,1,0,0,0,0,0
"118","Mujer",NA,NA,"Universitaria completa",0,0,0,NA,NA,NA,NA,"Funcionario Público","Otro (especificar)","Jefe de División",NA,NA,NA,NA,NA,NA,0,0,0,0,0,0,0,1,0
"119","Hombre",NA,"Local","Universitaria completa",0,0,0,"Partido Demócrata Cristiano (PDC)",NA,NA,NA,"Jefe de gabinete","Jefe de División","Asesor ministerial","Ejercicio Libre de Prof.","Funcionario Público","Directorio o gerencia Emp. Púb.","Directorio o gerencia de Emp. privada","Otro (especificar)",NA,0,0,0,0,1,0,0,0,0
"120","Hombre",1962,"Regional","Estudios de Postgrado",0,0,0,"Partido Radical (PR)",NA,NA,NA,"Universidades","Ejercicio Libre de Prof.","Diputado","Diputado",NA,NA,NA,NA,NA,0,0,0,1,0,0,0,0,0
"121","Hombre",NA,"Nacional","Universitaria completa",0,0,0,"Partido Liberal","Partido de Acción De Centro (PAC)",NA,NA,"Directorio o gerencia Emp. Púb.","Ejercicio Libre de Prof.","Otro (especificar)",NA,NA,NA,NA,NA,NA,0,0,0,0,0,0,0,0,1
"122","Hombre",1958,"Regional","Titulado de Magíster",0,0,0,"Unión Demócrata Independiente (UDI)",NA,NA,NA,"Ejercicio Libre de Prof.","Ejercicio Libre de Prof.","Ejercicio Libre de Prof.","Otro (especificar)","Diputado","Diputado",NA,NA,NA,0,0,0,1,0,0,0,0,0
"123","Hombre",1948,"No ocupó cargo","Titulado de Doctor",0,0,0,"Partido Demócrata Cristiano (PDC)",NA,NA,NA,"Directorio o gerencia de Emp. privada","Directorio o gerencia Emp. Púb.","Ministro","Directorio o gerencia Emp. Púb.","Directorio o gerencia de Emp. privada",NA,NA,NA,NA,0,1,0,0,0,0,0,0,0
"124","Hombre",1945,NA,"Universitaria completa",0,0,0,NA,NA,NA,NA,"Ministro","Otro (especificar)","Directorio o gerencia de Emp. privada",NA,NA,NA,NA,NA,NA,0,1,0,0,0,0,0,0,0
"125","Hombre",1971,"No ocupó cargo","Titulado de Magíster",1,1,0,"Partido Demócrata Cristiano (PDC)",NA,NA,NA,"Funcionario Público","Jefe de gabinete","Ejercicio Libre de Prof.","Jefe de Servicio",NA,NA,NA,NA,NA,0,0,0,0,0,0,1,0,0
"126","Hombre",1962,NA,"Candidato a Doctor",1,1,0,NA,NA,NA,NA,"Jefe de División","Jefe de Servicio","Directorio o gerencia de Emp. privada","Directorio o gerencia de Emp. privada","Directorio o gerencia de Emp. privada","Directorio o gerencia de Emp. privada","Jefe de Servicio","Consultor","Consultor",0,0,0,0,0,0,1,0,0
"127","Hombre",1953,"Nacional","Candidato a Doctor",0,0,0,"Izquierda Cristiana (IC)","Partido Comunista de Chile (PC)","Partido Por la Democracia (PPD)",NA,"Consejero Organismo Púb.","Ministro",NA,NA,NA,NA,NA,NA,NA,0,1,0,0,0,0,0,0,0
"128","Hombre",1965,"Local","Titulado de Magíster",0,0,0,"Partido Demócrata Cristiano (PDC)",NA,NA,NA,"Funcionario Público","Consultor","Jefe de gabinete","Jefe de División","Jefe de División","Jefe de División","Subsecretario",NA,NA,0,0,0,0,1,0,0,0,0
"129","Hombre",1955,"Nacional","Universitaria completa",0,0,0,"Partido Demócrata Cristiano (PDC)","Partido Por la Democracia (PPD)",NA,NA,"Otro (especificar)","Diputado",NA,NA,NA,NA,NA,NA,NA,0,0,0,1,0,0,0,0,0
"130","Hombre",1961,"Nacional","Estudios de Postgrado",0,0,0,"Partido Radical (PR)","Partido Radical Socialdemócrata (PRSD)",NA,NA,"Diputado","Jefe de gabinete","Jefe de Servicio","Directorio o gerencia Emp. Púb.","Agregaduría en el Extranjero","Asesor ministerial",NA,NA,NA,0,0,0,1,0,0,0,0,0
"131","Hombre",1947,"Nacional","Titulado de Doctor",0,0,0,"Partido Demócrata Cristiano (PDC)",NA,NA,NA,"Subsecretario","Ministro","Embajador","Miembro Tribunal Constitucional",NA,NA,NA,NA,NA,0,1,0,0,0,0,0,0,0
"132","Hombre",1945,"Nacional","Universitaria o técnica sin título",0,0,0,"Partido Demócrata Cristiano (PDC)",NA,NA,NA,"Embajador","Embajador","Subsecretario","Embajador","Embajador","Embajador","Ministro",NA,NA,0,1,0,0,0,0,0,0,0
"133","Hombre",1966,"No ocupó cargo","Titulado de Magíster",0,0,0,"Partido Demócrata Cristiano (PDC)",NA,NA,NA,"Asesor ministerial","Superintendente","Superintendente","Superintendente","Superintendente","Ministro","Consejero Organismo Púb.",NA,NA,0,1,0,0,0,0,0,0,0
"134","Hombre",1930,"Nacional","Universitaria completa",0,0,0,"Partido Demócrata Cristiano (PDC)",NA,NA,NA,"Embajador","Ministro","Ministro","Ejercicio Libre de Prof.",NA,NA,NA,NA,NA,0,1,0,0,0,0,0,0,0
"135","Mujer",1970,"Nacional","Candidato a Doctor",0,0,0,"Partido Comunista de Chile (PC)","Partido Por la Democracia (PPD)",NA,NA,"Asesor ministerial","Asesor ministerial","Jefe de División","Universidades","Universidades","Think Tanks","Ejercicio Libre de Prof.","Jefe de gabinete","Jefe de División",0,0,0,0,0,0,0,1,0
"136","Hombre",1961,"Nacional","Titulado de Magíster",0,0,0,"Partido Demócrata Cristiano (PDC)",NA,NA,NA,"Intendente","Ministro",NA,NA,NA,NA,NA,NA,NA,0,1,0,0,0,0,0,0,0
"137","Hombre",1933,"Nacional","Universitaria completa",0,0,0,"Partido Radical (PR)","Partido Radical Socialdemócrata (PRSD)",NA,NA,"Otro (especificar)","Ministro","Ministro","Otro (especificar)","Universidades","Directorio o gerencia de Emp. privada","Directorio o gerencia de Emp. privada","Directorio o gerencia de Emp. privada","Directorio o gerencia de Emp. privada",0,1,0,0,0,0,0,0,0
"138","Hombre",1941,"Nacional","Candidato a Doctor",0,0,0,"Partido Por la Democracia (PPD)","Partido Socialista de Chile (PS)",NA,NA,"Jefe de División","Subsecretario","Subsecretario","Embajador","Jefe de gabinete","Subsecretario",NA,NA,NA,0,0,0,0,1,0,0,0,0
"139","Hombre",1967,"Nacional","Titulado de Magíster",0,0,0,"Unión Demócrata Independiente (UDI)",NA,NA,NA,"Otro (especificar)","Think Tanks","Diputado",NA,NA,NA,NA,NA,NA,0,0,0,1,0,0,0,0,0
"140","Hombre",1939,"Nacional","Titulado de Doctor",0,0,0,"Partido Demócrata Cristiano (PDC)",NA,NA,NA,"Ministro","Otro (especificar)","Senador","Ministro",NA,NA,NA,NA,NA,0,1,0,0,0,0,0,0,0
"141","Hombre",1942,"Nacional","Universitaria completa",0,0,0,"Partido Demócrata Cristiano (PDC)",NA,NA,NA,"Senador","Presidente de la República","Senador",NA,NA,NA,NA,NA,NA,1,0,0,0,0,0,0,0,0
"142","Hombre",1936,"Nacional","Universitaria completa",0,0,0,"Partido Demócrata Cristiano (PDC)",NA,NA,NA,"Diputado","SEREMI","Ejercicio Libre de Prof.","Universidades","Otro (especificar)",NA,NA,NA,NA,0,0,0,1,0,0,0,0,0
"143","Hombre",1948,"Nacional","Titulado de Magíster",0,0,0,"Partido Demócrata Cristiano (PDC)","Movimiento de Acción Popular Unitaria (MAPU)","Partido Por la Democracia (PPD)",NA,"Jefe de División","Subsecretario","Subsecretario","Ministro","Intendente","Jefe de Servicio","Intendente",NA,NA,0,1,0,0,0,0,0,0,0
"144","Hombre",1961,"Nacional","Técnica completa",0,0,0,"Renovación Nacional (RN)",NA,NA,NA,"Directorio o gerencia de Emp. privada","Diputado","Diputado","Diputado","Diputado","Directorio o gerencia de Emp. privada","Ministro",NA,NA,0,0,0,1,0,0,0,0,0
"145","Hombre",1967,"Nacional","Titulado de Magíster",0,0,0,"Partido Radical (PR)","Partido Por la Democracia (PPD)",NA,NA,"Jefe de gabinete","Jefe de División","Intendente",NA,NA,NA,NA,NA,NA,0,0,0,0,0,1,0,0,0
"146","Hombre",1955,"Nacional","Estudios de Postgrado",0,0,0,"Renovación Nacional (RN)",NA,NA,NA,"Diputado","Diputado","Diputado","Senador",NA,NA,NA,NA,NA,0,0,1,0,0,0,0,0,0
"147","Hombre",1950,"Nacional","Técnica completa",1,1,0,"Partido Nacional (PN)","Renovación Nacional (RN)",NA,NA,"Otro (especificar)","Diputado","Diputado","Diputado","Diputado","Diputado","Diputado",NA,NA,0,0,0,1,0,0,0,0,0
"148","Hombre",1961,"Nacional","Titulado de Magíster",0,0,0,"Partido Demócrata Cristiano (PDC)",NA,NA,NA,"Ejercicio Libre de Prof.","Directorio o gerencia Emp. Púb.","Jefe de Servicio","Ministro","Consultor","Consultor",NA,NA,NA,0,1,0,0,0,0,0,0,0
"149","Hombre",1952,"No ocupó cargo","Universitaria completa",0,0,0,"Unión Demócrata Independiente (UDI)",NA,NA,NA,"Otro (especificar)","Otro (especificar)","Diputado","Diputado","Diputado","Diputado",NA,NA,NA,0,0,0,1,0,0,0,0,0
"150","Hombre",1940,"No ocupó cargo","Titulado de Doctor",0,0,0,"Movimiento de Acción Popular Unitaria (MAPU)","Partido Socialista de Chile (PS)","Partido Por la Democracia (PPD)",NA,"Asesor ministerial","Jefe de División",NA,NA,NA,NA,NA,NA,NA,0,0,0,0,0,0,0,1,0
"151","Hombre",1943,"Nacional","Universitaria completa",0,0,0,"Movimiento de Acción Popular Unitaria (MAPU)","Partido Por la Democracia (PPD)","Partido Socialista de Chile (PS)",NA,"Directorio o gerencia Emp. Púb.","Directorio o gerencia de Emp. privada","Directorio o gerencia de Emp. privada","Directorio o gerencia de Emp. privada","Directorio o gerencia de Emp. privada","Directorio o gerencia de Emp. privada","Directorio o gerencia de Emp. privada","Directorio o gerencia de Emp. privada","Directorio o gerencia de Emp. privada",0,0,0,0,0,0,1,0,0
"152","Hombre",1944,"Nacional","Universitaria completa",0,0,0,"Movimiento de Acción Popular Unitaria (MAPU)","Partido Socialista de Chile (PS)",NA,NA,"Senador","Senador","Senador",NA,NA,NA,NA,NA,NA,0,0,1,0,0,0,0,0,0
"153","Hombre",1961,"Nacional","Estudios de Postgrado",1,1,0,"Otro (indicar)","Partido Socialista de Chile (PS)","Partido Por la Democracia (PPD)",NA,"Otro (especificar)","Jefe de Servicio","Ejercicio Libre de Prof.","Diputado","Diputado","Diputado","Senador",NA,NA,0,0,1,0,0,0,0,0,0
"154","Hombre",1977,"Nacional","Universitaria completa",1,1,1,"Renovación Nacional (RN)",NA,NA,NA,"Otro (especificar)","Ejercicio Libre de Prof.","Diputado","Diputado",NA,NA,NA,NA,NA,0,0,0,1,0,0,0,0,0
"155","Mujer",1972,"Nacional","Titulado de Magíster",0,0,0,"Partido Por la Democracia (PPD)",NA,NA,NA,"SEREMI","Diputado","Diputado",NA,NA,NA,NA,NA,NA,0,0,0,1,0,0,0,0,0
"156","Hombre",1953,"Nacional","Estudios de Postgrado",0,0,0,"Partido Comunista de Chile (PC)","Partido Radical (PR)",NA,NA,"Asesor ministerial","Jefe de gabinete","Otro (especificar)","Subsecretario","Ministro",NA,NA,NA,NA,0,1,0,0,0,0,0,0,0
"157","Hombre",1946,"Nacional","Estudios de Postgrado",0,0,0,"Movimiento de Izquierda Revolucionaria (MIR)","Partido Por la Democracia (PPD)",NA,NA,"Funcionario Público","Ejercicio Libre de Prof.","Jefe de Servicio","Jefe de División","Embajador","Ejercicio Libre de Prof.","Ministro","Embajador",NA,0,1,0,0,0,0,0,0,0
"158","Hombre",1941,"Nacional","Titulado de Doctor",1,1,0,"Movimiento de Acción Popular Unitaria (MAPU)","Partido Por la Democracia (PPD)",NA,NA,"Asesor ministerial","Otro (especificar)","Diputado","Diputado","Diputado",NA,NA,NA,NA,0,0,0,1,0,0,0,0,0
"159","Hombre",1963,NA,"Titulado de Doctor",1,1,0,NA,NA,NA,NA,"Asesor ministerial","Jefe de División","Asesor ministerial","Universidades",NA,NA,NA,NA,NA,0,0,0,0,0,0,0,1,0
"160","Mujer",NA,"Regional","Titulado de Magíster",0,0,0,"Partido Comunista de Chile (PC)",NA,NA,NA,"Universidades","Asesor ministerial","Jefe de gabinete","Jefe de División","Jefe de División","Asesor ministerial","Jefe de División","Jefe de División","Asesor ministerial",0,0,0,0,0,0,0,1,0
"161","Mujer",1957,"Nacional","Universitaria completa",0,0,0,"Renovación Nacional (RN)",NA,NA,NA,"Ejercicio Libre de Prof.","Universidades","Asesor ministerial","Universidades","ONGs","Diputado",NA,NA,NA,0,0,0,1,0,0,0,0,0
"162","Hombre",NA,NA,"Universitaria completa",0,0,0,NA,NA,NA,NA,"Jefe de División","Jefe de División","Jefe de División","Jefe de División","Jefe de División","Jefe de División","Jefe de División","Jefe de División","Jefe de División",0,0,0,0,0,0,0,1,0
"163","Hombre",1967,"Nacional","Universitaria o técnica sin título",0,0,0,"Partido Comunista de Chile (PC)","Partido Socialista de Chile (PS)",NA,NA,"Jefe de gabinete","Jefe de División","Directorio o gerencia de Emp. privada","Jefe de gabinete","Asesor ministerial","Jefe de gabinete","Directorio o gerencia Emp. Púb.","Consultor","Directorio o gerencia de Emp. privada",0,0,0,0,0,0,0,1,0
"164","Hombre",1946,"Nacional","Universitaria o técnica sin título",1,1,0,"Partido Comunista de Chile (PC)","Partido Por la Democracia (PPD)",NA,NA,"Directorio o gerencia de Emp. privada","Ejercicio Libre de Prof.","Otro (especificar)","Directorio o gerencia de Emp. privada","Diputado","Diputado","Diputado","Diputado",NA,0,0,0,1,0,0,0,0,0
"165","Hombre",1972,"Nacional","Universitaria completa",0,0,0,"Partido Por la Democracia (PPD)",NA,NA,NA,"Jefe de gabinete","Jefe de gabinete","Subsecretario","Subsecretario","Diputado",NA,NA,NA,NA,0,0,0,1,0,0,0,0,0
"166","Mujer",1947,"Nacional","Titulado de Magíster",0,0,0,"Partido Socialista de Chile (PS)",NA,NA,NA,"Universidades","ONGs","Jefe de División","Consultor","Asesor ministerial","Otro (especificar)","Ministro","Otro (especificar)",NA,0,1,0,0,0,0,0,0,0
"167","Hombre",1948,"No ocupó cargo","Titulado de Doctor",0,0,0,"Movimiento de Acción Popular Unitaria (MAPU)","Partido Por la Democracia (PPD)",NA,NA,"Think Tanks","Universidades","Subsecretario","Embajador","Universidades","Ministro","Universidades","Embajador","Think Tanks",0,1,0,0,0,0,0,0,0
"168","Hombre",1949,"Regional","Universitaria o técnica sin título",0,0,0,"Partido Demócrata Cristiano (PDC)",NA,NA,NA,"Otro (especificar)","Directorio o gerencia de Emp. privada","Diputado","Otro (especificar)","Diputado","Otro (especificar)",NA,NA,NA,0,0,0,1,0,0,0,0,0
"169","Hombre",NA,"Nacional","Titulado de Magíster",0,0,0,"Partido Demócrata Cristiano (PDC)",NA,NA,NA,"Asesor ministerial","Agregaduría en el Extranjero","Asesor ministerial","Agregaduría en el Extranjero","Asesor ministerial","Embajador",NA,NA,NA,0,0,0,0,0,0,0,1,0
"170","Hombre",1946,"Nacional","Universitaria o técnica sin título",0,0,0,"Partido Humanista (PH)",NA,NA,NA,"Embajador","Directorio o gerencia de Emp. privada","Otro (especificar)",NA,NA,NA,NA,NA,NA,0,0,0,0,0,0,0,0,1
"171","Hombre",1954,NA,"Universitaria o técnica sin título",1,1,0,NA,NA,NA,NA,"Asesor ministerial","Subsecretario","Ministro","Directorio o gerencia Emp. Púb.",NA,NA,NA,NA,NA,0,1,0,0,0,0,0,0,0
"172","Hombre",1946,"Nacional","Estudios de Postgrado",0,0,0,"Partido Demócrata Cristiano (PDC)",NA,NA,NA,"Senador","Embajador","Otro (especificar)","Universidades",NA,NA,NA,NA,NA,0,0,1,0,0,0,0,0,0
"173","Mujer",1953,"Nacional","Estudios de Postgrado",0,0,0,"Partido Demócrata Cristiano (PDC)",NA,NA,NA,"Jefe de División","Jefe de gabinete","Subsecretario","Subsecretario","Ministro","Embajador","Ministro","Directorio o gerencia de Emp. privada",NA,0,1,0,0,0,0,0,0,0
"174","Hombre",1950,"Nacional","Titulado de Magíster",0,0,0,"Renovación Nacional (RN)",NA,NA,NA,"Diputado","Senador",NA,NA,NA,NA,NA,NA,NA,0,0,1,0,0,0,0,0,0
"175","Hombre",1944,"Nacional","Universitaria o técnica sin título",0,0,0,"Partido Demócrata Cristiano (PDC)",NA,NA,NA,"Ministro","Subsecretario","Diputado","Diputado","Diputado","Otro (especificar)",NA,NA,NA,0,1,0,0,0,0,0,0,0
"176","Hombre",NA,"Nacional","Universitaria completa",1,1,0,"Partido Nacional (PN)","Renovación Nacional (RN)",NA,NA,"Diputado","Diputado",NA,NA,NA,NA,NA,NA,NA,0,0,0,1,0,0,0,0,0
"177","Hombre",1966,"Nacional","Estudios de Postgrado",0,0,0,"Partido Demócrata Cristiano (PDC)",NA,NA,NA,"Jefe de gabinete","Asesor ministerial","SEREMI","Org. Inter.","Jefe de Servicio","Superintendente","Universidades",NA,NA,0,0,0,0,0,0,0,1,0
"178","Mujer",NA,"No ocupó cargo","Estudios de Postgrado",0,0,0,"Partido Demócrata Cristiano (PDC)",NA,NA,NA,"Funcionario Público","Jefe de División","Jefe de División","Otro (especificar)","Jefe de División",NA,NA,NA,NA,0,0,0,0,0,0,0,1,0
"179","Hombre",1943,"Nacional","Titulado de Magíster",0,0,0,"Partido Demócrata Cristiano (PDC)","Movimiento de Acción Popular Unitaria (MAPU)","Partido Socialista de Chile (PS)",NA,"Jefe de División","Diputado","Ministro","Ministro","Ministro","Org. Inter.",NA,NA,NA,0,1,0,0,0,0,0,0,0
"180","Hombre",1967,"Nacional","Universitaria completa",1,1,0,"Partido Comunista de Chile (PC)","Partido Socialista de Chile (PS)","Partido Por la Democracia (PPD)",NA,"Ejercicio Libre de Prof.","Consultor","Asesor ministerial","Universidades","Diputado",NA,NA,NA,NA,0,0,0,1,0,0,0,0,0
"181","Mujer",1966,"No ocupó cargo","Universitaria completa",0,0,0,"Otro (indicar)",NA,NA,NA,"Otro (especificar)","Otro (especificar)","Consultor","Directorio o gerencia de Emp. privada","Directorio o gerencia de Emp. privada","Diputado",NA,NA,NA,0,0,0,1,0,0,0,0,0
"182","Hombre",NA,"Nacional","Universitaria completa",0,0,0,"Partido Radical Socialdemócrata (PRSD)",NA,NA,NA,"Otro (especificar)","Subsecretario","Subsecretario","Embajador",NA,NA,NA,NA,NA,0,0,0,0,1,0,0,0,0
"183","Hombre",1937,"No ocupó cargo","Universitaria completa",0,0,0,"Partido Socialista de Chile (PS)","Partido Por la Democracia (PPD)",NA,NA,"Otro (especificar)","Otro (especificar)","Diputado","Diputado","Diputado","Diputado",NA,NA,NA,0,0,0,1,0,0,0,0,0
"184","Mujer",1962,"No ocupó cargo","Universitaria o técnica sin título",0,0,0,"Movimiento de Acción Popular Unitaria (MAPU)",NA,NA,NA,"ONGs","Funcionario Público","Otro (especificar)","Jefe de gabinete","Otro (especificar)","Jefe de gabinete","Otro (especificar)","Consultor","Consultor",0,0,0,0,0,0,0,1,0
"185","Hombre",1944,"Nacional","Estudios de Postgrado",1,1,0,"Partido Radical Socialdemócrata (PRSD)",NA,NA,NA,"Gobernador","Diputado","Diputado","Diputado","Diputado",NA,NA,NA,NA,0,0,0,1,0,0,0,0,0
"186","Hombre",1962,"Nacional","Universitaria completa",1,1,0,"Partido Por la Democracia (PPD)",NA,NA,NA,"Ejercicio Libre de Prof.","Consultor","Diputado",NA,NA,NA,NA,NA,NA,0,0,0,1,0,0,0,0,0
"187","Mujer",1940,"No ocupó cargo","Titulado de Magíster",1,1,0,"Partido Demócrata Cristiano (PDC)",NA,NA,NA,"ONGs","Org. Inter.","Universidades","Ministro",NA,NA,NA,NA,NA,0,1,0,0,0,0,0,0,0
"188","Hombre",1944,"Nacional","Titulado de Magíster",1,1,0,"Partido Demócrata Cristiano (PDC)",NA,NA,NA,"Ministro","Embajador","Consultor","Org. Inter.","Universidades","Think Tanks","Consejero Organismo Púb.",NA,NA,0,1,0,0,0,0,0,0,0
"189","Hombre",NA,"Nacional","Universitaria o técnica sin título",0,0,0,"Partido Demócrata Cristiano (PDC)",NA,NA,NA,"Funcionario Público","Jefe de División","Jefe de gabinete","Jefe de gabinete","Jefe de gabinete",NA,NA,NA,NA,0,0,0,0,0,0,0,1,0
"190","Hombre",1932,"Nacional","Universitaria completa",0,0,0,"Partido Demócrata Cristiano (PDC)",NA,NA,NA,"Ministro","Diputado","Embajador",NA,NA,NA,NA,NA,NA,0,1,0,0,0,0,0,0,0
"191","Mujer",1958,"Nacional","Universitaria completa",1,1,0,"Partido Demócrata Cristiano (PDC)",NA,NA,NA,"Ejercicio Libre de Prof.","Otro (especificar)","Ejercicio Libre de Prof.","Ministro","Universidades","Jefe de Servicio",NA,NA,NA,0,1,0,0,0,0,0,0,0
"192","Hombre",1938,"Nacional","Titulado de Doctor",0,0,0,"Partido Socialista de Chile (PS)","Partido Por la Democracia (PPD)",NA,NA,"Ministro","Ministro","Presidente de la República","Org. Inter.","Think Tanks",NA,NA,NA,NA,1,0,0,0,0,0,0,0,0
"193","Hombre",1962,"Nacional","Candidato a Doctor",1,1,0,"Partido Por la Democracia (PPD)",NA,NA,NA,"Jefe de División","Ministro","Senador",NA,NA,NA,NA,NA,NA,0,1,0,0,0,0,0,0,0
"194","Hombre",1949,"Nacional","Titulado de Doctor",0,0,0,"Partido Socialista de Chile (PS)",NA,NA,NA,"Asesor ministerial","Jefe de División","Subsecretario","Ministro","Think Tanks","Directorio o gerencia Emp. Púb.","Otro (especificar)","Directorio o gerencia Emp. Púb.","Universidades",0,1,0,0,0,0,0,0,0
"195","Hombre",1942,"Nacional","Titulado de Magíster",0,0,0,"Partido Nacional (PN)","Renovación Nacional (RN)",NA,NA,"Ejercicio Libre de Prof.","Otro (especificar)","Otro (especificar)","Otro (especificar)","Senador",NA,NA,NA,NA,0,0,0,0,0,0,0,0,1
"196","Hombre",1964,"No ocupó cargo","Titulado de Doctor",0,0,0,"Partido Demócrata Cristiano (PDC)",NA,NA,NA,"Asesor ministerial","Directorio o gerencia de Emp. privada","Superintendente","Superintendente",NA,NA,NA,NA,NA,0,0,0,0,0,0,1,0,0
"197","Hombre",1949,"Nacional","Titulado de Magíster",1,1,0,"Partido Demócrata Cristiano (PDC)",NA,NA,NA,"Diputado","Subsecretario","Diputado",NA,NA,NA,NA,NA,NA,0,0,0,1,0,0,0,0,0
"198","Hombre",1949,"No ocupó cargo","Candidato a Doctor",0,0,0,"Partido Demócrata Cristiano (PDC)",NA,NA,NA,"Superintendente","Ejercicio Libre de Prof.","Consultor","Directorio o gerencia Emp. Púb.","Consultor","Ministro",NA,NA,NA,0,1,0,0,0,0,0,0,0
"199","Hombre",1930,"Nacional","Estudios de Postgrado",1,1,0,"Otro (indicar)","Partido Demócrata Cristiano (PDC)",NA,NA,"Senador","Senador","Senador",NA,NA,NA,NA,NA,NA,0,0,1,0,0,0,0,0,0
"200","Hombre",1950,"Nacional","Titulado de Doctor",0,0,0,"Partido Comunista de Chile (PC)","Partido Por la Democracia (PPD)",NA,NA,"Otro (especificar)","Otro (especificar)","Otro (especificar)","Otro (especificar)","Diputado","Diputado","Diputado","Diputado","Diputado",0,0,0,1,0,0,0,0,0
"201","Hombre",1954,"Nacional","Universitaria completa",0,0,0,"Unión Demócrata Independiente (UDI)",NA,NA,NA,"Diputado","Diputado","Diputado","Diputado","Directorio o gerencia Emp. Púb.",NA,NA,NA,NA,0,0,0,1,0,0,0,0,0
"202","Hombre",1939,"No ocupó cargo","Titulado de Doctor",0,0,0,"Partido Demócrata Cristiano (PDC)","Movimiento de Acción Popular Unitaria (MAPU)","Partido Por la Democracia (PPD)",NA,"Embajador","Org. Inter.","Ministro","Directorio o gerencia Emp. Púb.","Directorio o gerencia de Emp. privada",NA,NA,NA,NA,0,1,0,0,0,0,0,0,0
"203","Hombre",1951,"Nacional","Universitaria completa",0,0,0,"Partido Demócrata Cristiano (PDC)",NA,NA,NA,"Ejercicio Libre de Prof.","Diputado","Diputado","Asesor ministerial","Diputado","Diputado",NA,NA,NA,0,0,0,1,0,0,0,0,0
"204","Hombre",1961,"Nacional","Titulado de Magíster",1,1,0,"Partido Socialista de Chile (PS)",NA,NA,NA,"Diputado","Diputado","Diputado","Diputado","Senador",NA,NA,NA,NA,0,0,1,0,0,0,0,0,0
"205","Hombre",1956,"Nacional","Universitaria o técnica sin título",0,0,0,"Partido Radical (PR)","Partido Por la Democracia (PPD)",NA,NA,"Otro (especificar)","Diputado","Diputado","Diputado","Otro (especificar)","Ejercicio Libre de Prof.","Directorio o gerencia de Emp. privada",NA,NA,0,0,0,1,0,0,0,0,0
"206","Hombre",1946,"Nacional","Estudios de Postgrado",0,0,0,"Partido Demócrata Cristiano (PDC)",NA,NA,NA,"Jefe de Servicio","Directorio o gerencia Emp. Púb.","Directorio o gerencia de Emp. privada","Consultor",NA,NA,NA,NA,NA,0,0,0,0,0,0,1,0,0
"207","Hombre",1960,"Nacional","Universitaria completa",0,0,0,"Partido Demócrata Cristiano (PDC)",NA,NA,NA,"ONGs","Jefe de División","Subsecretario","Ministro","Directorio o gerencia Emp. Púb.","Ejercicio Libre de Prof.",NA,NA,NA,0,1,0,0,0,0,0,0,0
"208","Hombre",1960,"Regional","Titulado de Magíster",0,0,0,"Unión Demócrata Independiente (UDI)",NA,NA,NA,"Ejercicio Libre de Prof.","Jefe de División","Diputado","Diputado",NA,NA,NA,NA,NA,0,0,0,1,0,0,0,0,0
"209","Hombre",1948,"No ocupó cargo","Universitaria o técnica sin título",0,0,0,"Partido Radical (PR)",NA,NA,NA,"Diputado","Diputado","Diputado","Diputado","Otro (especificar)","Otro (especificar)","Gobernador",NA,NA,0,0,0,1,0,0,0,0,0
"210","Hombre",1958,"Nacional","Universitaria completa",1,1,0,"Unión Demócrata Independiente (UDI)",NA,NA,NA,"Diputado","Diputado","Diputado","Diputado","Senador",NA,NA,NA,NA,0,0,1,0,0,0,0,0,0
"211","Hombre",NA,"Nacional","Estudios de Postgrado",0,0,0,"Movimiento de Acción Popular Unitaria (MAPU)","Partido Socialista de Chile (PS)",NA,NA,"Jefe de Servicio","Jefe de División",NA,NA,NA,NA,NA,NA,NA,0,0,0,0,0,0,0,1,0
"212","Hombre",1949,"Nacional","Titulado de Doctor",1,1,0,"Partido Demócrata Cristiano (PDC)",NA,NA,NA,"Diputado","Diputado","Diputado","Diputado",NA,NA,NA,NA,NA,0,0,0,1,0,0,0,0,0
"213","Hombre",1956,"No ocupó cargo","Titulado de Doctor",0,0,0,"Partido Demócrata Cristiano (PDC)",NA,NA,NA,"Jefe de gabinete","Diputado","Subsecretario",NA,NA,NA,NA,NA,NA,0,0,0,1,0,0,0,0,0
"214","Mujer",NA,"Nacional","Estudios de Postgrado",0,0,0,"Partido Demócrata Cristiano (PDC)",NA,NA,NA,"ONGs","Consultor","Jefe de gabinete","Otro (especificar)","Asesor ministerial","Jefe de División",NA,NA,NA,0,0,0,0,0,0,0,1,0
"215","Hombre",1940,"Nacional","Universitaria completa",0,0,0,"Partido Demócrata Cristiano (PDC)","Izquierda Cristiana (IC)","Partido Socialista de Chile (PS)",NA,"Ministro","Ministro","Embajador","Ejercicio Libre de Prof.",NA,NA,NA,NA,NA,0,1,0,0,0,0,0,0,0
"216","Hombre",1948,"Nacional","Titulado de Magíster",1,1,0,"Partido Social Democracia (SD)","Partido Por la Democracia (PPD)",NA,NA,"Subsecretario","Ejercicio Libre de Prof.","Jefe de División","Asesor ministerial","Ejercicio Libre de Prof.",NA,NA,NA,NA,0,0,0,0,1,0,0,0,0
"217","Hombre",1951,NA,"Titulado de Doctor",1,1,0,NA,NA,NA,NA,"Directorio o gerencia Emp. Púb.","Directorio o gerencia Emp. Púb.","Consultor","Directorio o gerencia Emp. Púb.","Directorio o gerencia Emp. Púb.","Directorio o gerencia Emp. Púb.",NA,NA,NA,0,0,0,0,0,0,1,0,0
"218","Hombre",1954,"Nacional","Titulado de Doctor",1,1,0,"Movimiento de Acción Popular Unitaria (MAPU)","Partido Socialista de Chile (PS)","Partido Por la Democracia (PPD)",NA,"Subsecretario","Ministro","Consejero Organismo Púb.","Directorio o gerencia Emp. Púb.","Think Tanks","Universidades",NA,NA,NA,0,1,0,0,0,0,0,0,0
"219","Hombre",1950,"Nacional","Universitaria completa",0,0,0,"Partido Demócrata Cristiano (PDC)",NA,NA,NA,"Diputado","Diputado","Diputado","Ejercicio Libre de Prof.","Universidades","Org. Inter.","Directorio o gerencia de Emp. privada",NA,NA,0,0,0,1,0,0,0,0,0
"220","Hombre",1957,"Nacional","Titulado de Doctor",1,1,0,"Movimiento de Izquierda Revolucionaria (MIR)","Partido Socialista de Chile (PS)",NA,NA,"Subsecretario","Otro (especificar)","Otro (especificar)","Asesor ministerial","Subsecretario","Otro (especificar)","Embajador","Universidades",NA,0,0,0,0,1,0,0,0,0
"221","Hombre",1946,"Nacional","Universitaria o técnica sin título",0,0,0,"Partido Demócrata Cristiano (PDC)",NA,NA,NA,"Diputado","Senador","Embajador","Ejercicio Libre de Prof.","Org. Inter.",NA,NA,NA,NA,0,0,1,0,0,0,0,0,0
"222","Hombre",NA,"Nacional","Titulado de Magíster",0,0,0,"Partido Socialista de Chile (PS)",NA,NA,NA,"Funcionario Público","Jefe de División","Consultor","Universidades","Ejercicio Libre de Prof.",NA,NA,NA,NA,0,0,0,0,0,0,0,1,0
"223","Hombre",1956,"Nacional","Estudios de Postgrado",0,0,0,"Unión Demócrata Independiente (UDI)",NA,NA,NA,"Otro (especificar)","Diputado",NA,NA,NA,NA,NA,NA,NA,0,0,0,1,0,0,0,0,0
"224","Hombre",NA,"Local","Titulado de Magíster",0,0,0,"Partido Por la Democracia (PPD)","Partido Socialista de Chile (PS)",NA,NA,"Asesor ministerial","Asesor ministerial","Jefe de gabinete","Jefe de División","Consultor","Otro (especificar)",NA,NA,NA,0,0,0,0,0,0,0,1,0
"225","Hombre",1946,"Nacional","Universitaria completa",0,0,0,"Partido Social Democracia (SD)","Partido Radical (PR)","Partido Radical Socialdemócrata (PRSD)",NA,"Ejercicio Libre de Prof.","Diputado","Diputado","Diputado",NA,NA,NA,NA,NA,0,0,0,1,0,0,0,0,0
"226","Hombre",NA,"No ocupó cargo","Candidato a Doctor",0,0,0,"Partido Demócrata Cristiano (PDC)","Renovación Nacional (RN)",NA,NA,"Jefe de gabinete","Asesor ministerial","Jefe de División","Jefe de División","Consultor","Ejercicio Libre de Prof.","Org. Inter.","Universidades",NA,0,0,0,0,0,0,0,1,0
"227","Hombre",1951,"Nacional","Candidato a Doctor",0,0,0,"Izquierda Cristiana (IC)","Partido Socialista de Chile (PS)",NA,NA,"Asesor ministerial","Jefe de gabinete","Org. Inter.",NA,NA,NA,NA,NA,NA,0,0,0,0,0,0,0,1,0
"228","Hombre",1954,"Nacional","Universitaria completa",0,0,0,"Partido Demócrata Cristiano (PDC)",NA,NA,NA,"SEREMI","Subsecretario","Subsecretario","Jefe de Servicio","Ministro","Ministro","Directorio o gerencia Emp. Púb.","Asesor ministerial","Jefe de gabinete",0,1,0,0,0,0,0,0,0
"229","Hombre",1932,"Nacional","Universitaria completa",0,0,0,"Partido Demócrata Cristiano (PDC)","Movimiento de Acción Popular Unitaria (MAPU)","Partido Socialista de Chile (PS)","Partido Por la Democracia (PPD)","Diputado","Embajador","Asesor ministerial","Directorio o gerencia Emp. Púb.","Consejero Organismo Púb.","Ejercicio Libre de Prof.","Universidades",NA,NA,0,0,0,1,0,0,0,0,0
"230","Hombre",1943,"Nacional","Universitaria completa",0,0,0,"Izquierda Cristiana (IC)","Partido Por la Democracia (PPD)",NA,NA,"Ministro","Embajador","Ministro","Directorio o gerencia Emp. Púb.","Consejero Organismo Púb.","Ejercicio Libre de Prof.",NA,NA,NA,0,1,0,0,0,0,0,0,0
"231","Hombre",1928,"Nacional","Universitaria completa",0,0,0,"Partido Demócrata Cristiano (PDC)",NA,NA,NA,"Ministro","Ministro","Directorio o gerencia de Emp. privada",NA,NA,NA,NA,NA,NA,0,1,0,0,0,0,0,0,0
"232","Hombre",1966,"Nacional","Universitaria o técnica sin título",0,0,0,"Renovación Nacional (RN)","Unión Demócrata Independiente (UDI)",NA,NA,NA,NA,NA,NA,NA,NA,NA,NA,NA,0,0,0,1,0,0,0,0,0
"233","Hombre",1948,"Nacional","Titulado de Magíster",0,0,0,"Partido Nacional (PN)",NA,NA,NA,"Ejercicio Libre de Prof.","Otro (especificar)","Diputado","Diputado",NA,NA,NA,NA,NA,0,0,0,1,0,0,0,0,0
"234","Hombre",1973,"Nacional","Titulado de Magíster",0,0,0,"Renovación Nacional (RN)",NA,NA,NA,"Otro (especificar)","Otro (especificar)","Ejercicio Libre de Prof.","Diputado",NA,NA,NA,NA,NA,0,0,0,1,0,0,0,0,0
"235","Hombre",1965,"Nacional","Universitaria completa",0,0,0,"Partido Por la Democracia (PPD)","Partido Socialista de Chile (PS)",NA,NA,"Otro (especificar)","Jefe de Servicio","Otro (especificar)","Otro (especificar)","Diputado","Diputado",NA,NA,NA,0,0,0,1,0,0,0,0,0
"236","Hombre",1946,"Nacional","Estudios de Postgrado",0,0,0,"Movimiento de Acción Popular Unitaria (MAPU)","Partido Por la Democracia (PPD)","Partido Socialista de Chile (PS)",NA,"Diputado","Diputado","Diputado","Diputado","Diputado","Diputado",NA,NA,NA,0,0,0,1,0,0,0,0,0
"237","Hombre",1956,"Nacional","Estudios de Postgrado",0,0,0,"Partido Demócrata Cristiano (PDC)",NA,NA,NA,"Asesor ministerial","Jefe de gabinete","Agregaduría en el Extranjero","Jefe de División","Subsecretario",NA,NA,NA,NA,0,0,0,0,1,0,0,0,0
"238","Hombre",1926,"Nacional",NA,0,0,0,"Partido Demócrata Cristiano (PDC)",NA,NA,NA,"Directorio o gerencia de Emp. privada","Ministro","Org. Inter.","Consejero Organismo Púb.","Universidades","Otro (especificar)",NA,NA,NA,0,1,0,0,0,0,0,0,0
"239","Hombre",1942,"Nacional","Universitaria completa",0,0,0,"Partido Demócrata Cristiano (PDC)",NA,NA,NA,"Otro (especificar)","Otro (especificar)","Otro (especificar)","Otro (especificar)","Otro (especificar)","Diputado","Diputado","Directorio o gerencia de Emp. privada",NA,0,0,0,1,0,0,0,0,0
"240","Mujer",NA,"Local","Estudios de Postgrado",0,0,0,"Partido Demócrata Cristiano (PDC)",NA,NA,NA,"Jefe de gabinete","Asesor ministerial","Funcionario Público","Universidades","Ejercicio Libre de Prof.",NA,NA,NA,NA,0,0,0,0,0,0,0,1,0
"241","Hombre",NA,"Nacional","Universitaria completa",1,1,0,"Partido Radical (PR)",NA,NA,NA,"SEREMI","Otro (especificar)","Diputado","Diputado","Diputado","Directorio o gerencia Emp. Púb.","Ejercicio Libre de Prof.",NA,NA,0,0,0,0,1,0,0,0,0
"242","Hombre",1956,"Nacional","Universitaria o técnica sin título",0,0,0,"Unión Demócrata Independiente (UDI)",NA,NA,NA,"Otro (especificar)","Diputado","Diputado","Diputado",NA,NA,NA,NA,NA,0,0,0,1,0,0,0,0,0
"243","Hombre",NA,"No ocupó cargo","Titulado de Magíster",0,0,0,"Izquierda Cristiana (IC)","Partido Socialista de Chile (PS)","Partido Por la Democracia (PPD)",NA,"Jefe de gabinete","Asesor ministerial","Jefe de División","Asesor ministerial","Think Tanks","Jefe de División","Think Tanks",NA,NA,0,0,0,0,0,0,0,1,0
"244","Hombre",1963,"Nacional","Universitaria completa",0,0,0,"Partido Demócrata Cristiano (PDC)","Partido Regionalista de los Independientes (PRI)",NA,NA,"SEREMI","Ejercicio Libre de Prof.","Diputado","Diputado","Diputado",NA,NA,NA,NA,0,0,0,1,0,0,0,0,0
"245","Mujer",1948,"Nacional","Titulado de Magíster",0,0,0,"Partido Socialista de Chile (PS)","Partido Por la Democracia (PPD)",NA,NA,"Diputado","Asesor ministerial","Diputado",NA,NA,NA,NA,NA,NA,0,0,0,1,0,0,0,0,0
"246","Hombre",NA,"Nacional","Titulado de Doctor",0,0,0,"Partido Demócrata Cristiano (PDC)",NA,NA,NA,"Jefe de gabinete","SEREMI","Directorio o gerencia Emp. Púb.","Consultor","Jefe de Servicio","Universidades","Ejercicio Libre de Prof.","Jefe de Servicio","Universidades",0,0,0,0,0,0,0,1,0
"247","Hombre",1936,"Regional","Media",0,0,0,"Partido Radical (PR)","Partido Social Democracia (SD)","Partido Por la Democracia (PPD)",NA,"Diputado","Diputado","Diputado","Senador","Senador","Senador","Senador","Senador","Senador",0,0,1,0,0,0,0,0,0
"248","Hombre",1948,"Nacional","Titulado de Doctor",0,0,0,"Partido Socialista de Chile (PS)","Partido Por la Democracia (PPD)",NA,NA,"Embajador","Embajador","Subsecretario","Ministro","Embajador",NA,NA,NA,NA,0,1,0,0,0,0,0,0,0
"249","Hombre",1949,"Nacional","Universitaria completa",0,0,0,"Partido Radical (PR)",NA,NA,NA,"Jefe de División","Consultor","Senador","Universidades","Directorio o gerencia Emp. Púb.","Consultor","Subsecretario","Consultor",NA,0,0,1,0,0,0,0,0,0
"250","Hombre",1946,"No ocupó cargo","Universitaria completa",0,0,0,"Partido Demócrata Cristiano (PDC)",NA,NA,NA,"Directorio o gerencia Emp. Púb.","Directorio o gerencia de Emp. privada","Consultor","Directorio o gerencia Emp. Púb.","Consejero Organismo Púb.",NA,NA,NA,NA,0,0,0,0,0,0,1,0,0
"251","Hombre",1960,"Nacional","Estudios de Postgrado",1,1,1,"Partido Demócrata Cristiano (PDC)",NA,NA,NA,"Asesor ministerial","Jefe de Servicio","Jefe de gabinete","Subsecretario","Think Tanks","Universidades","Consultor",NA,NA,0,0,0,0,1,0,0,0,0
"252","Hombre",1958,"Nacional","Universitaria completa",0,0,0,"Partido Socialista de Chile (PS)","Otro (indicar)",NA,NA,"Jefe de Servicio","Diputado","Senador",NA,NA,NA,NA,NA,NA,0,0,1,0,0,0,0,0,0
"253","Hombre",1944,"Nacional","Titulado de Doctor",0,0,0,"Partido Demócrata Cristiano (PDC)",NA,NA,NA,"Jefe de Servicio","Directorio o gerencia Emp. Púb.","Universidades","Intendente","Universidades",NA,NA,NA,NA,0,0,0,0,0,1,0,0,0
"254","Hombre",NA,"Local","Estudios de Postgrado",0,0,0,"Partido Demócrata Cristiano (PDC)",NA,NA,NA,"Ejercicio Libre de Prof.","Asesor ministerial","Jefe de División","Asesor ministerial","Jefe de División",NA,NA,NA,NA,0,0,0,0,0,0,0,1,0
"255","Mujer",NA,NA,"Universitaria completa",0,0,0,NA,NA,NA,NA,"Jefe de División","Asesor ministerial","Jefe de gabinete","Asesor ministerial",NA,NA,NA,NA,NA,0,0,0,0,0,0,0,1,0
"256","Mujer",1969,"Local","Universitaria completa",0,0,0,"Unión Demócrata Independiente (UDI)",NA,NA,NA,"Ejercicio Libre de Prof.","Universidades","Diputado","Diputado",NA,NA,NA,NA,NA,0,0,0,1,0,0,0,0,0
"257","Hombre",1939,"Nacional","Estudios de Postgrado",0,0,0,"Partido Socialista de Chile (PS)",NA,NA,NA,"Senador","Senador","Senador","Otro (especificar)","Otro (especificar)","Otro (especificar)","Think Tanks",NA,NA,0,0,1,0,0,0,0,0,0
"258","Hombre",1966,"Nacional","Titulado de Doctor",0,0,0,"Partido Izquierda Cristiana de Chile (IC)","Partido Socialista de Chile (PS)","Partido Por la Democracia (PPD)",NA,"Asesor ministerial","Ejercicio Libre de Prof.","Otro (especificar)","Otro (especificar)","Intendente","Universidades","Diputado",NA,NA,0,0,0,1,0,0,0,0,0
"259","Hombre",NA,"Regional","Universitaria o técnica sin título",0,0,0,"Partido Demócrata Cristiano (PDC)",NA,NA,NA,"Intendente","Asesor ministerial","Diputado","Asesor ministerial","Intendente","Asesor ministerial","Intendente",NA,NA,0,0,0,1,0,0,0,0,0
"260","Hombre",1943,"Local","Técnica completa",0,0,0,"Partido Demócrata Cristiano (PDC)",NA,NA,NA,"Ejercicio Libre de Prof.","Diputado","Diputado","Diputado","Diputado","Diputado","Diputado",NA,NA,0,0,0,1,0,0,0,0,0
"261","Hombre",1952,"Regional","Universitaria completa",0,0,0,"Partido Demócrata Cristiano (PDC)",NA,NA,NA,"Ejercicio Libre de Prof.","Ejercicio Libre de Prof.","Ejercicio Libre de Prof.","Ejercicio Libre de Prof.","Ejercicio Libre de Prof.","Subsecretario","Subsecretario","Subsecretario","Subsecretario",0,0,0,1,0,0,0,0,0
"262","Hombre",1950,"No ocupó cargo","Titulado de Doctor",0,0,0,"Movimiento de Acción Popular Unitaria (MAPU)","Partido Por la Democracia (PPD)","Partido Socialista de Chile (PS)",NA,"Ministro","Senador","Senador",NA,NA,NA,NA,NA,NA,0,1,0,0,0,0,0,0,0
"263","Hombre",1956,"No ocupó cargo","Universitaria completa",1,1,0,"Unión Demócrata Independiente (UDI)",NA,NA,NA,"Diputado","Diputado","Diputado","Senador","Senador",NA,NA,NA,NA,0,0,1,0,0,0,0,0,0
"264","Hombre",1966,"Nacional","Titulado de Magíster",0,0,0,"Partido Demócrata Cristiano (PDC)",NA,NA,NA,"Otro (especificar)","Asesor ministerial","Consultor","Otro (especificar)","Jefe de División","Ministro","Otro (especificar)","Think Tanks","Otro (especificar)",0,1,0,0,0,0,0,0,0
"265","Hombre",1940,"Nacional","Titulado de Doctor",1,1,1,"Partido Demócrata Cristiano (PDC)",NA,NA,NA,"Jefe de gabinete","Jefe de División","Jefe de División","Jefe de gabinete",NA,NA,NA,NA,NA,0,0,0,0,0,0,0,1,0
"266","Hombre",1941,"Nacional","Universitaria completa",0,0,0,"Partido Demócrata Cristiano (PDC)",NA,NA,NA,"Diputado","Diputado","Diputado","Diputado","Diputado","Diputado",NA,NA,NA,0,0,0,1,0,0,0,0,0
"267","Hombre",1970,"Nacional","Titulado de Magíster",0,0,0,"Partido Demócrata Cristiano (PDC)",NA,NA,NA,"Asesor ministerial","Jefe de gabinete","Asesor ministerial","Subsecretario","Ejercicio Libre de Prof.",NA,NA,NA,NA,0,0,0,0,1,0,0,0,0
"268","Hombre",NA,"Local","Universitaria completa",0,0,0,"Partido Demócrata Cristiano (PDC)",NA,NA,NA,"Asesor ministerial","Jefe de gabinete","Asesor ministerial",NA,NA,NA,NA,NA,NA,0,0,0,0,0,0,0,1,0
"269","Hombre",NA,"No ocupó cargo","Estudios de Postgrado",1,0,1,"Partido Socialista de Chile (PS)",NA,NA,NA,"Funcionario Público","Jefe de gabinete","Jefe de gabinete","Jefe de gabinete",NA,NA,NA,NA,NA,0,0,0,0,0,0,0,1,0
"270","Hombre",NA,NA,"Titulado de Magíster",0,0,0,NA,NA,NA,NA,"Asesor ministerial","Jefe de División","Jefe de Servicio","Universidades","Directorio o gerencia de Emp. privada",NA,NA,NA,NA,0,0,0,0,0,0,1,0,0
"271","Mujer",1961,"Local","Estudios de Postgrado",0,0,0,"Movimiento de Izquierda Revolucionaria (MIR)","Partido Socialista de Chile (PS)",NA,NA,"ONGs","Diputado","Diputado",NA,NA,NA,NA,NA,NA,0,0,0,1,0,0,0,0,0
"272","Hombre",1955,"Nacional","Titulado de Magíster",1,1,0,"Partido Demócrata Cristiano (PDC)",NA,NA,NA,"Diputado","Diputado","Diputado","Jefe de Servicio","Ministro","Universidades","Consultor","Universidades","Directorio o gerencia de Emp. privada",0,1,0,0,0,0,0,0,0
"273","Hombre",NA,"No ocupó cargo","Universitaria completa",0,0,0,"Partido Por la Democracia (PPD)",NA,NA,NA,"Asesor ministerial","Jefe de División","Directorio o gerencia Emp. Púb.","Jefe de Servicio","Jefe de Servicio","Asesor ministerial","Jefe de Servicio",NA,NA,0,0,0,0,0,0,0,1,0
"274","Hombre",1958,"Local","Universitaria o técnica sin título",0,0,0,"Partido Socialista de Chile (PS)",NA,NA,NA,"Otro (especificar)","Otro (especificar)","Otro (especificar)","Otro (especificar)","Otro (especificar)","Otro (especificar)","Diputado","Diputado","Diputado",0,0,0,1,0,0,0,0,0
"275","Mujer",NA,"Nacional","Universitaria o técnica sin título",1,0,1,"Partido Socialista de Chile (PS)",NA,NA,NA,"Ejercicio Libre de Prof.","Gobernador","Otro (especificar)","Diputado","Diputado",NA,NA,NA,NA,0,0,0,1,0,0,0,0,0
"276","Hombre",1965,"Local","Universitaria completa",0,0,0,"Partido Socialista de Chile (PS)",NA,NA,NA,"Subsecretario",NA,NA,NA,NA,NA,NA,NA,NA,0,0,0,0,1,0,0,0,0
"277","Hombre",1948,"Nacional","Estudios de Postgrado",0,0,0,"Partido Socialista de Chile (PS)","Partido Por la Democracia (PPD)",NA,NA,"Diputado","Asesor ministerial","Directorio o gerencia Emp. Púb.","Consejero Organismo Púb.","Ejercicio Libre de Prof.","ONGs",NA,NA,NA,0,0,0,1,0,0,0,0,0
"278","Hombre",1948,"Nacional","Titulado de Magíster",0,0,0,"Renovación Nacional (RN)",NA,NA,NA,"Senador","Senador","Senador","Senador","Senador","Senador","Ejercicio Libre de Prof.","Ejercicio Libre de Prof.","Ejercicio Libre de Prof.",0,0,1,0,0,0,0,0,0
"279","Hombre",1939,"Nacional","Universitaria completa",1,1,0,"Partido Demócrata Cristiano (PDC)",NA,NA,NA,"Directorio o gerencia de Emp. privada","Ministro","Embajador","Ministro","Otro (especificar)","Ejercicio Libre de Prof.","Ministro","Directorio o gerencia de Emp. privada",NA,0,1,0,0,0,0,0,0,0
"280","Mujer",1966,NA,"Universitaria o técnica sin título",0,0,0,NA,NA,NA,NA,"Otro (especificar)","Otro (especificar)","ONGs","Ministro","Jefe de Servicio","Asesor ministerial",NA,NA,NA,0,1,0,0,0,0,0,0,0
"281","Hombre",1955,"Nacional","Universitaria completa",0,0,0,"Partido Socialista de Chile (PS)",NA,NA,NA,"Asesor ministerial","Jefe de División","Subsecretario","Directorio o gerencia Emp. Púb.","Directorio o gerencia Emp. Púb.",NA,NA,NA,NA,0,0,0,0,1,0,0,0,0
"282","Hombre",1950,"Nacional","Titulado de Doctor",0,0,0,"Partido Demócrata Cristiano (PDC)",NA,NA,NA,"Subsecretario","Consejero Organismo Púb.","Directorio o gerencia Emp. Púb.","Subsecretario","Asesor ministerial","Directorio o gerencia Emp. Púb.",NA,NA,NA,0,0,0,0,1,0,0,0,0
"283","Hombre",1952,"Nacional","Universitaria o técnica sin título",0,0,0,"Partido Demócrata Cristiano (PDC)",NA,NA,NA,"Diputado","Diputado","Senador","Senador","Senador","Senador","Senador","Senador","Senador",0,0,1,0,0,0,0,0,0
"284","Hombre",1944,"Local","Candidato a Doctor",0,0,0,"Partido Socialista de Chile (PS)",NA,NA,NA,"Embajador","Ministro","Consejero Organismo Púb.",NA,NA,NA,NA,NA,NA,0,1,0,0,0,0,0,0,0
"285","Hombre",1944,"Nacional","Universitaria completa",0,0,0,"Partido Radical (PR)",NA,NA,NA,"Subsecretario","Directorio o gerencia Emp. Púb.","Jefe de gabinete","Asesor ministerial","Asesor ministerial","Universidades","Consultor","Directorio o gerencia de Emp. privada",NA,0,0,0,0,1,0,0,0,0
"286","Mujer",1945,"Regional","Universitaria o técnica sin título",0,0,0,"Partido Demócrata Cristiano (PDC)",NA,NA,NA,"Otro (especificar)","ONGs","Ministro",NA,NA,NA,NA,NA,NA,0,1,0,0,0,0,0,0,0
"287","Mujer",1965,NA,"Estudios de Postgrado",0,0,0,NA,NA,NA,NA,"Otro (especificar)","ONGs","Jefe de Servicio","Ministro","Asesor ministerial",NA,NA,NA,NA,0,1,0,0,0,0,0,0,0
"288","Mujer",1969,"Regional","Titulado de Magíster",0,0,0,"Partido Demócrata Cristiano (PDC)",NA,NA,NA,"Jefe de gabinete","SEREMI","Gobernador","Intendente","Ministro","Jefe de Servicio","Ministro","Consultor","Otro (especificar)",0,1,0,0,0,0,0,0,0
"289","Hombre",1952,"Nacional","Titulado de Doctor",0,0,0,"Movimiento de Izquierda Revolucionaria (MIR)","Partido Socialista de Chile (PS)",NA,NA,"Asesor ministerial","Embajador","Asesor ministerial","Embajador","Ministro","Embajador",NA,NA,NA,0,1,0,0,0,0,0,0,0
"290","Hombre",NA,"Nacional","Universitaria completa",0,0,0,"Partido Nacional (PN)","Partido de Acción De Centro (PAC)","Partido Liberal",NA,"Subsecretario","Ejercicio Libre de Prof.","ONGs",NA,NA,NA,NA,NA,NA,0,0,0,0,0,0,0,0,1
"291","Hombre",1967,"Nacional","Universitaria completa",0,0,0,"Partido Socialista de Chile (PS)","Partido Por la Democracia (PPD)",NA,NA,"Jefe de gabinete","Diputado","Diputado","Senador",NA,NA,NA,NA,NA,0,0,0,1,0,0,0,0,0
"292","Hombre",1960,"Nacional","Titulado de Magíster",0,0,0,"Partido Demócrata Cristiano (PDC)",NA,NA,NA,"Jefe de División","Subsecretario","Intendente","Ministro","Otro (especificar)",NA,NA,NA,NA,0,1,0,0,0,0,0,0,0
"293","Mujer",1965,"Nacional","Titulado de Magíster",1,1,1,"Movimiento de Izquierda Revolucionaria (MIR)","Partido Socialista de Chile (PS)",NA,NA,"SEREMI","SEREMI","Subsecretario","Ministro",NA,NA,NA,NA,NA,0,1,0,0,0,0,0,0,0
"294","Hombre",1943,"No ocupó cargo","Universitaria completa",0,0,0,"Partido Socialista de Chile (PS)",NA,NA,NA,"Intendente","Otro (especificar)",NA,NA,NA,NA,NA,NA,NA,0,0,0,0,0,1,0,0,0
"295","Hombre",1946,"Nacional","Universitaria completa",1,1,0,"Partido Demócrata Cristiano (PDC)",NA,NA,NA,"Otro (especificar)","Jefe de gabinete","Directorio o gerencia de Emp. privada","Otro (especificar)","Ministro",NA,NA,NA,NA,0,1,0,0,0,0,0,0,0
"296","Hombre",1949,"Nacional","Titulado de Doctor",0,0,0,"Partido Por la Democracia (PPD)",NA,NA,NA,"Diputado","Ministro","Diputado","Otro (especificar)",NA,NA,NA,NA,NA,0,1,0,0,0,0,0,0,0
"297","Hombre",1954,"Nacional","Estudios de Postgrado",0,0,0,"Unión Demócrata Independiente (UDI)",NA,NA,NA,"Diputado","Otro (especificar)","Diputado","Diputado","Diputado","Diputado",NA,NA,NA,0,0,0,1,0,0,0,0,0
"298","Hombre",NA,"Nacional","Estudios de Postgrado",0,0,0,"Partido Demócrata Cristiano (PDC)",NA,NA,NA,"Asesor ministerial","Otro (especificar)","Jefe de gabinete","Directorio o gerencia Emp. Púb.","Directorio o gerencia Emp. Púb.",NA,NA,NA,NA,0,0,0,0,0,0,0,1,0
"299","Hombre",1958,"Nacional","Titulado de Doctor",0,0,0,"Renovación Nacional (RN)",NA,NA,NA,"Diputado","Diputado","Directorio o gerencia Emp. Púb.","Universidades","Directorio o gerencia de Emp. privada","Ejercicio Libre de Prof.","Consejero Organismo Púb.",NA,NA,0,0,0,1,0,0,0,0,0
"300","Hombre",NA,"Local","Estudios de Postgrado",0,0,0,"Partido Socialista de Chile (PS)",NA,NA,NA,"Ejercicio Libre de Prof.","ONGs","ONGs","Asesor ministerial","Jefe de gabinete","Jefe de gabinete","Asesor ministerial","Asesor ministerial","Jefe de gabinete",0,0,0,0,0,0,0,1,0
"301","Mujer",1968,"Nacional","Universitaria completa",0,0,0,"Partido Demócrata Cristiano (PDC)",NA,NA,NA,"Asesor ministerial","Otro (especificar)","Superintendente","Intendente","Otro (especificar)","Ejercicio Libre de Prof.","Embajador",NA,NA,0,0,0,0,1,0,0,0,0
"302","Hombre",1961,"Nacional","Candidato a Doctor",0,0,0,"Partido Socialista de Chile (PS)","Partido Por la Democracia (PPD)",NA,NA,"ONGs","Agregaduría en el Extranjero","Asesor ministerial","Jefe de División","Jefe de Servicio","Consultor","Org. Inter.","Jefe de Servicio",NA,0,1,0,0,0,0,0,0,0
"303","Hombre",NA,"Regional","Titulado de Doctor",0,0,0,"Movimiento de Acción Popular Unitaria (MAPU)","Partido Socialista de Chile (PS)",NA,NA,"Asesor ministerial","Jefe de División","Jefe de División",NA,NA,NA,NA,NA,NA,0,0,0,0,0,0,0,1,0
"304","Hombre",1949,"Nacional","Titulado de Magíster",0,0,0,"Partido Demócrata Cristiano (PDC)",NA,NA,NA,"Subsecretario","Diputado","Subsecretario",NA,NA,NA,NA,NA,NA,0,0,0,1,0,0,0,0,0
"305","Hombre",1956,"Nacional","Titulado de Magíster",0,0,0,"Partido Radical Socialdemócrata (PRSD)",NA,NA,NA,"Ejercicio Libre de Prof.","Ejercicio Libre de Prof.","Directorio o gerencia Emp. Púb.","SEREMI","Diputado",NA,NA,NA,NA,0,0,0,1,0,0,0,0,0
"306","Hombre",NA,"Nacional","Media",0,0,0,"Renovación Nacional (RN)",NA,NA,NA,"Diputado","Diputado",NA,NA,NA,NA,NA,NA,NA,0,0,0,1,0,0,0,0,0
"307","Hombre",1947,"Nacional","Candidato a Doctor",0,0,0,"Partido Demócrata Cristiano (PDC)",NA,NA,NA,"Ministro","Subsecretario","Asesor ministerial",NA,NA,NA,NA,NA,NA,0,1,0,0,0,0,0,0,0
"308","Hombre",1959,"Regional","Universitaria completa",0,0,0,"Unión Demócrata Independiente (UDI)",NA,NA,NA,"Otro (especificar)","Diputado","Diputado","Diputado","Diputado",NA,NA,NA,NA,0,0,0,1,0,0,0,0,0
"309","Hombre",1953,"Nacional","Titulado de Doctor",0,0,0,"Partido Demócrata Cristiano (PDC)",NA,NA,NA,"Universidades","Universidades","Ministro","Embajador",NA,NA,NA,NA,NA,0,1,0,0,0,0,0,0,0
"310","Hombre",1952,"No ocupó cargo","Titulado de Magíster",0,0,0,"Partido Por la Democracia (PPD)",NA,NA,NA,"Asesor ministerial","Asesor ministerial","Subsecretario","Subsecretario","Directorio o gerencia de Emp. privada",NA,NA,NA,NA,0,0,0,0,1,0,0,0,0
"311","Hombre",1963,"Nacional","Universitaria completa",0,0,0,"Partido Republicano","Partido Liberal","Partido de Acción De Centro (PAC)","Partido Por la Democracia (PPD)","Asesor ministerial","Gobernador","Jefe de División","Jefe de División","Subsecretario",NA,NA,NA,NA,0,0,0,0,1,0,0,0,0
"312","Mujer",1977,"No ocupó cargo","Estudios de Postgrado",0,0,0,"Renovación Nacional (RN)",NA,NA,NA,"Otro (especificar)","Otro (especificar)","Otro (especificar)","Otro (especificar)","Otro (especificar)","Diputado","Diputado",NA,NA,0,0,0,1,0,0,0,0,0
"313","Hombre",1954,"Nacional","Estudios de Postgrado",1,1,0,"Partido Socialista de Chile (PS)",NA,NA,NA,"Funcionario Público","Jefe de División","Jefe de División","Jefe de División","Otro (especificar)",NA,NA,NA,NA,0,0,0,0,0,0,0,1,0
"314","Hombre",1930,"Nacional","Universitaria completa",0,0,0,"Partido Demócrata Cristiano (PDC)",NA,NA,NA,"Senador","Senador","Senador",NA,NA,NA,NA,NA,NA,0,0,1,0,0,0,0,0,0
"315","Mujer",1943,"Nacional","Universitaria o técnica sin título",0,0,0,"Movimiento de Acción Popular Unitaria (MAPU)","Partido Socialista de Chile (PS)","Partido Por la Democracia (PPD)",NA,"Otro (especificar)","Diputado","Diputado","Diputado","Diputado","Diputado",NA,NA,NA,0,0,0,1,0,0,0,0,0
"316","Mujer",NA,"Regional","Universitaria completa",0,0,0,"Partido Socialista de Chile (PS)",NA,NA,NA,"Consultor",NA,"Jefe de gabinete","Jefe de Servicio",NA,NA,NA,NA,NA,0,0,0,0,0,0,0,1,0
"317","Hombre",1963,"No ocupó cargo","Universitaria completa",1,1,0,"Partido Demócrata Cristiano (PDC)",NA,NA,NA,"Diputado","Diputado",NA,NA,NA,NA,NA,NA,NA,0,0,0,1,0,0,0,0,0
"318","Mujer",1952,"No ocupó cargo","Universitaria completa",0,0,0,"Movimiento de Acción Popular Unitaria (MAPU)",NA,NA,NA,"Jefe de gabinete","Jefe de gabinete","Subsecretario","Jefe de Servicio","Subsecretario",NA,NA,NA,NA,0,0,0,0,1,0,0,0,0
"319","Hombre",1958,"Nacional","Candidato a Doctor",0,0,0,"Partido Demócrata Cristiano (PDC)",NA,NA,NA,"Universidades","Ejercicio Libre de Prof.","Think Tanks","Diputado",NA,NA,NA,NA,NA,0,0,0,1,0,0,0,0,0
"320","Mujer",NA,"Regional","Estudios de Postgrado",0,0,0,"Partido Demócrata Cristiano (PDC)",NA,NA,NA,"Directorio o gerencia de Emp. privada","Directorio o gerencia Emp. Púb.","Directorio o gerencia Emp. Púb.","Subsecretario","Directorio o gerencia de Emp. privada",NA,NA,NA,NA,0,0,0,0,1,0,0,0,0
"321","Hombre",1966,"Nacional","Universitaria completa",0,0,0,"Unión Demócrata Independiente (UDI)",NA,NA,NA,"Otro (especificar)","Ejercicio Libre de Prof.","Otro (especificar)","Diputado",NA,NA,NA,NA,NA,0,0,0,1,0,0,0,0,0
"322","Hombre",1936,"Regional","Media",0,0,0,"Partido Demócrata Cristiano (PDC)",NA,NA,NA,"Diputado","Diputado","Diputado","Diputado","Otro (especificar)","Otro (especificar)","Otro (especificar)",NA,NA,0,0,0,1,0,0,0,0,0
"323","Hombre",1949,NA,"Universitaria completa",0,0,0,NA,NA,NA,NA,"Diputado","Diputado","Asesor ministerial","Jefe de Servicio","SEREMI","Agregaduría en el Extranjero","Directorio o gerencia Emp. Púb.","Ejercicio Libre de Prof.","Universidades",0,0,0,0,1,0,0,0,0
"324","Hombre",1952,"Nacional","Estudios de Postgrado",0,0,0,"Movimiento de Acción Popular Unitaria (MAPU)","Partido Socialista de Chile (PS)",NA,NA,"Jefe de Servicio","Jefe de División","Asesor ministerial","Subsecretario","Jefe de División","Subsecretario","Directorio o gerencia Emp. Púb.",NA,NA,0,0,0,0,1,0,0,0,0
"325","Hombre",1957,"Nacional","Estudios de Postgrado",0,0,0,"Partido Demócrata Cristiano (PDC)",NA,NA,NA,"Consultor","Ministro","Directorio o gerencia Emp. Púb.","Funcionario Público","Subsecretario","Directorio o gerencia Emp. Púb.","Directorio o gerencia de Emp. privada","Consejero Organismo Púb.",NA,0,1,0,0,0,0,0,0,0
"326","Hombre",1939,"Nacional","Titulado de Magíster",0,0,0,"Partido Demócrata Cristiano (PDC)",NA,NA,NA,"Directorio o gerencia Emp. Púb.",NA,NA,NA,NA,NA,NA,NA,NA,0,0,0,0,0,0,1,0,0
"327","Hombre",NA,"Nacional","Universitaria completa",0,0,0,"Partido Demócrata Cristiano (PDC)",NA,NA,NA,"Ejercicio Libre de Prof.","Asesor ministerial","Directorio o gerencia Emp. Púb.","Subsecretario","Consultor","Asesor ministerial","Ejercicio Libre de Prof.",NA,NA,0,0,0,0,1,0,0,0,0
"328","Hombre",1934,NA,"Titulado de Doctor",0,0,0,NA,NA,NA,NA,"Org. Inter.","Ministro","Org. Inter.","Universidades",NA,NA,NA,NA,NA,0,1,0,0,0,0,0,0,0
"329","Hombre",1949,"Nacional","Universitaria o técnica sin título",0,0,0,"Partido Socialista de Chile (PS)",NA,NA,NA,"Asesor ministerial","Subsecretario","Embajador","Diputado","Diputado",NA,NA,NA,NA,0,0,0,1,0,0,0,0,0
"330","Mujer",1965,"Nacional","Titulado de Magíster",0,0,0,"Partido Humanista (PH)","Partido Por la Democracia (PPD)",NA,NA,"Asesor ministerial","Jefe de gabinete","Otro (especificar)","Otro (especificar)","Ministro",NA,NA,NA,NA,0,1,0,0,0,0,0,0,0
"331","Hombre",NA,"No ocupó cargo","Estudios de Postgrado",0,0,0,"Partido Demócrata Cristiano (PDC)",NA,NA,NA,"Jefe de División","Directorio o gerencia de Emp. privada",NA,NA,NA,NA,NA,NA,NA,0,0,0,0,0,0,0,1,0
"332","Hombre",1953,"No ocupó cargo","Universitaria o técnica sin título",0,0,0,"Partido Demócrata Cristiano (PDC)",NA,NA,NA,"Diputado","Diputado","Diputado","Diputado","Asesor ministerial","Ejercicio Libre de Prof.",NA,NA,NA,0,0,0,1,0,0,0,0,0
"333","Mujer",1965,"Nacional","Estudios de Postgrado",0,0,0,"Partido Demócrata Cristiano (PDC)","Partido Regionalista de los Independientes (PRI)",NA,NA,"Jefe de Servicio","Diputado","Diputado","Diputado","Otro (especificar)",NA,NA,NA,NA,0,0,0,1,0,0,0,0,0
"334","Mujer",1957,"Nacional","Titulado de Doctor",0,0,0,"Partido Socialista de Chile (PS)",NA,NA,NA,"Subsecretario","Ministro","Org. Inter.",NA,NA,NA,NA,NA,NA,0,1,0,0,0,0,0,0,0
"335","Hombre",NA,"Nacional","Titulado de Magíster",1,1,0,"Partido Radical Socialdemócrata (PRSD)",NA,NA,NA,"Jefe de División","Directorio o gerencia de Emp. privada","Jefe de gabinete","Jefe de Servicio","Directorio o gerencia Emp. Púb.","Directorio o gerencia de Emp. privada","Directorio o gerencia Emp. Púb.",NA,NA,0,0,0,0,0,0,0,1,0
"336","Hombre",1918,"Nacional","Universitaria completa",0,0,0,"Partido Radical (PR)",NA,NA,NA,"Ministro","Senador","Universidades","Ejercicio Libre de Prof.",NA,NA,NA,NA,NA,0,1,0,0,0,0,0,0,0
"337","Hombre",NA,"Nacional","Universitaria completa",0,0,0,"Partido Demócrata Cristiano (PDC)",NA,NA,NA,"Jefe de gabinete","Diputado","Diputado","Diputado","Asesor ministerial",NA,NA,NA,NA,0,0,0,0,0,0,0,1,0
"338","Hombre",1954,"Nacional","Titulado de Magíster",0,0,0,"Partido Socialista de Chile (PS)",NA,NA,NA,"Subsecretario","Directorio o gerencia Emp. Púb.","Ministro",NA,NA,NA,NA,NA,NA,0,1,0,0,0,0,0,0,0
"339","Hombre",1954,"Nacional","Universitaria completa",0,0,0,"Partido Radical (PR)",NA,NA,NA,"Jefe de División","Jefe de Servicio","Jefe de División","Ejercicio Libre de Prof.","Subsecretario","Subsecretario","Ministro",NA,NA,0,1,0,0,0,0,0,0,0
"340","Hombre",1924,"Nacional","Estudios de Postgrado",0,0,0,"Partido Demócrata Cristiano (PDC)","Movimiento de Acción Popular Unitaria (MAPU)","Partido Por la Democracia (PPD)",NA,"Diputado","Directorio o gerencia de Emp. privada","Consultor","Ejercicio Libre de Prof.",NA,NA,NA,NA,NA,0,0,0,1,0,0,0,0,0
"341","Hombre",1953,"Nacional","Universitaria o técnica sin título",1,1,0,"Partido Por la Democracia (PPD)",NA,NA,NA,"Embajador","Embajador","Embajador","Diputado","Diputado",NA,NA,NA,NA,0,0,0,1,0,0,0,0,0
"342","Hombre",1918,"Nacional","Universitaria completa",1,1,0,"Partido Demócrata Cristiano (PDC)","Renovación Nacional (RN)",NA,NA,"Senador","Consejero Organismo Púb.","Ejercicio Libre de Prof.",NA,NA,NA,NA,NA,NA,0,0,1,0,0,0,0,0,0
"343","Hombre",1938,"Nacional","Estudios de Postgrado",0,0,0,"Partido Socialista de Chile (PS)",NA,NA,NA,"Ministro","Directorio o gerencia Emp. Púb.","Consejero Organismo Púb.","Ministro","Intendente","Embajador","Intendente",NA,NA,0,1,0,0,0,0,0,0,0
"344","Mujer",1965,"Nacional","Titulado de Doctor",1,1,0,"Partido Por la Democracia (PPD)",NA,NA,NA,"Asesor ministerial","Subsecretario","Diputado","Diputado","Ministro","Otro (especificar)","Otro (especificar)",NA,NA,0,1,0,0,0,0,0,0,0
"345","Hombre",1967,"No ocupó cargo","Titulado de Doctor",0,0,0,"Partido Por la Democracia (PPD)",NA,NA,NA,"Asesor ministerial","Org. Inter.","Asesor ministerial","Asesor ministerial","Ministro","Think Tanks",NA,NA,NA,0,1,0,0,0,0,0,0,0
"346","Hombre",1953,"Nacional","Universitaria completa",0,0,0,"Partido Radical (PR)","Partido Radical Socialdemócrata (PRSD)",NA,NA,"Ejercicio Libre de Prof.","Subsecretario","Ejercicio Libre de Prof.",NA,NA,NA,NA,NA,NA,0,0,0,0,1,0,0,0,0
"347","Mujer",NA,NA,"Universitaria completa",1,1,0,NA,NA,NA,NA,"Jefe de gabinete","Asesor ministerial","Jefe de gabinete","Jefe de División","Jefe de gabinete","Asesor ministerial",NA,NA,NA,0,0,0,0,0,0,0,1,0
"348","Hombre",1975,"Nacional","Universitaria completa",0,0,0,"Partido Por la Democracia (PPD)",NA,NA,NA,"Ejercicio Libre de Prof.","Otro (especificar)","Gobernador","Diputado",NA,NA,NA,NA,NA,0,0,0,1,0,0,0,0,0
"349","Mujer",1954,"Regional","Estudios de Postgrado",1,1,0,"Partido Socialista de Chile (PS)",NA,NA,NA,"Ejercicio Libre de Prof.","Funcionario Público","Jefe de Servicio","Directorio o gerencia Emp. Púb.","Subsecretario","Ministro","Directorio o gerencia Emp. Púb.","Asesor ministerial","Jefe de División",0,1,0,0,0,0,0,0,0
"350","Mujer",NA,"No ocupó cargo","Titulado de Magíster",0,0,0,"Partido Socialista de Chile (PS)",NA,NA,NA,"Otro (especificar)","Funcionario Público","Jefe de Servicio","Jefe de División","Org. Inter.","Funcionario Público","Jefe de Servicio","Jefe de División","Jefe de Servicio",0,0,0,0,0,0,0,1,0
"351","Hombre",1958,"Nacional","Titulado de Magíster",0,0,0,"Renovación Nacional (RN)","Unión Demócrata Independiente (UDI)",NA,NA,"Diputado","Diputado","Diputado","Diputado","Diputado","Diputado","Otro (especificar)",NA,NA,0,0,0,1,0,0,0,0,0
"352","Hombre",1964,"Nacional","Titulado de Magíster",0,0,0,"Unión Demócrata Independiente (UDI)",NA,NA,NA,"Ejercicio Libre de Prof.","Diputado","Diputado","Diputado","Senador",NA,NA,NA,NA,0,0,0,1,0,0,0,0,0
"353","Mujer",1962,"Nacional","Universitaria completa",0,0,0,"Izquierda Cristiana (IC)","Partido Socialista de Chile (PS)",NA,NA,"Funcionario Público","Jefe de Servicio","Ministro",NA,NA,NA,NA,NA,NA,0,1,0,0,0,0,0,0,0
"354","Hombre",NA,"Local","Titulado de Magíster",0,0,0,"Partido Socialista de Chile (PS)",NA,NA,NA,"Asesor ministerial","Jefe de gabinete","Jefe de gabinete","Funcionario Público",NA,NA,NA,NA,NA,0,0,0,0,0,0,0,1,0
"355","Hombre",1950,"Nacional","Universitaria o técnica sin título",0,0,0,"Partido Liberal","Partido Nacional (PN)","Renovación Nacional (RN)",NA,"Diputado","Diputado","Universidades","Otro (especificar)",NA,NA,NA,NA,NA,0,0,0,1,0,0,0,0,0
"356","Mujer",1969,NA,"Universitaria completa",0,0,0,NA,NA,NA,NA,"Ejercicio Libre de Prof.","Ejercicio Libre de Prof.","Ejercicio Libre de Prof.","Otro (especificar)","Otro (especificar)","Otro (especificar)","Universidades","Ministro","Ministro",0,1,0,0,0,0,0,0,0
"357","Hombre",1957,"Nacional","Media",0,0,0,"Unión Demócrata Independiente (UDI)",NA,NA,NA,"Diputado",NA,NA,NA,NA,NA,NA,NA,NA,0,0,0,1,0,0,0,0,0
"358","Hombre",1950,"Regional","Universitaria completa",0,0,0,"Renovación Nacional (RN)",NA,NA,NA,"Diputado","Diputado","Directorio o gerencia de Emp. privada","Otro (especificar)","Otro (especificar)","Ejercicio Libre de Prof.",NA,NA,NA,0,0,0,1,0,0,0,0,0
"359","Hombre",1947,"No ocupó cargo","Titulado de Doctor",1,1,0,"Partido Demócrata Cristiano (PDC)","Movimiento de Acción Popular Unitaria (MAPU)","Partido Socialista de Chile (PS)",NA,"Embajador","Otro (especificar)","Otro (especificar)","Ministro","Embajador","Embajador","Otro (especificar)","Otro (especificar)",NA,0,1,0,0,0,0,0,0,0
"360","Hombre",1941,"Nacional","Universitaria completa",0,0,0,"Partido Por la Democracia (PPD)","Partido Socialista de Chile (PS)",NA,NA,"Diputado","Diputado","Diputado",NA,NA,NA,NA,NA,NA,0,0,0,1,0,0,0,0,0
"361","Hombre",1964,"Nacional","Candidato a Doctor",0,0,0,"Partido Por la Democracia (PPD)",NA,NA,NA,"Consejero Organismo Púb.","Ministro",NA,NA,NA,NA,NA,NA,NA,0,0,0,1,0,0,0,0,0
"362","Hombre",NA,"No ocupó cargo","Titulado de Magíster",0,0,0,"Partido Demócrata Cristiano (PDC)",NA,NA,NA,"Otro (especificar)","Subsecretario","Jefe de Servicio","Subsecretario","Asesor ministerial","Jefe de División",NA,NA,NA,0,0,0,0,1,0,0,0,0
"363","Hombre",1964,"Nacional","Titulado de Magíster",0,0,0,"Partido Demócrata Cristiano (PDC)",NA,NA,NA,"Consultor","Jefe de Servicio","Intendente","Diputado",NA,NA,NA,NA,NA,0,0,0,1,0,0,0,0,0
"364","Hombre",NA,"Regional","Universitaria completa",0,0,0,"Partido Socialista de Chile (PS)",NA,NA,NA,"Jefe de División","Jefe de División","Jefe de División","Jefe de División",NA,NA,NA,NA,NA,0,0,0,0,0,0,0,1,0
"365","Hombre",1951,"Nacional","Universitaria completa",0,0,0,"Renovación Nacional (RN)",NA,NA,NA,"Ejercicio Libre de Prof.","Diputado","Diputado","Diputado","Diputado","Subsecretario",NA,NA,NA,0,0,0,1,0,0,0,0,0
"366","Hombre",1960,NA,"Titulado de Doctor",1,1,0,NA,NA,NA,NA,"Jefe de gabinete","Asesor ministerial","Ministro",NA,NA,NA,NA,NA,NA,0,1,0,0,0,0,0,0,0
"367","Hombre",1935,"Nacional","Media",0,0,0,"Partido Demócrata Cristiano (PDC)",NA,NA,NA,"Subsecretario","Embajador","Otro (especificar)","Ministro","Directorio o gerencia Emp. Púb.",NA,NA,NA,NA,0,1,0,0,0,0,0,0,0
"368","Mujer",1957,"Nacional","Estudios de Postgrado",1,1,0,"Partido Socialista de Chile (PS)",NA,NA,NA,"Jefe de gabinete","Subsecretario","Otro (especificar)","Ministro","Jefe de gabinete",NA,NA,NA,NA,0,1,0,0,0,0,0,0,0
"369","Hombre",1957,"Regional","Estudios de Postgrado",0,0,0,"Partido Demócrata Cristiano (PDC)",NA,NA,NA,"Ejercicio Libre de Prof.","Funcionario Público","Gobernador","Funcionario Público","Diputado","Diputado",NA,NA,NA,0,0,0,1,0,0,0,0,0
"370","Hombre",NA,"No ocupó cargo","Candidato a Doctor",0,0,0,"Movimiento de Acción Popular Unitaria (MAPU)","Partido Radical (PR)",NA,NA,"Asesor ministerial","Jefe de División","Jefe de División","Org. Inter.",NA,NA,NA,NA,NA,0,0,0,0,0,0,0,1,0
"371","Hombre",1953,"No ocupó cargo","Titulado de Doctor",0,0,0,"Partido Demócrata Cristiano (PDC)",NA,NA,NA,"Asesor ministerial","Jefe de Servicio",NA,NA,NA,NA,NA,NA,NA,0,0,0,0,0,0,1,0,0
"372","Mujer",1955,"Nacional","Universitaria o técnica sin título",0,0,0,"Partido Comunista de Chile (PC)","Partido Por la Democracia (PPD)",NA,NA,"Diputado","Diputado","Diputado",NA,NA,NA,NA,NA,NA,0,0,0,1,0,0,0,0,0
"373","Hombre",1953,"Nacional","Universitaria completa",0,0,0,"Partido Por la Democracia (PPD)",NA,NA,NA,"Consejero Organismo Púb.","Subsecretario","Ministro","Ministro","Directorio o gerencia Emp. Púb.","Directorio o gerencia Emp. Púb.","Ministro","Ministro","Think Tanks",0,1,0,0,0,0,0,0,0
"374","Hombre",1943,"Nacional","Estudios de Postgrado",0,0,0,"Movimiento de Acción Popular Unitaria (MAPU)","Partido Socialista de Chile (PS)",NA,NA,"Diputado","Diputado","Senador","Ministro","Miembro Tribunal Constitucional",NA,NA,NA,NA,0,1,0,0,0,0,0,0,0
"375","Hombre",1944,"Nacional","Titulado de Magíster",0,0,0,"Partido Demócrata Cristiano (PDC)",NA,NA,NA,"Consultor","Directorio o gerencia Emp. Púb.","Ministro","Directorio o gerencia Emp. Púb.","Directorio o gerencia de Emp. privada",NA,NA,NA,NA,0,1,0,0,0,0,0,0,0
"376","Hombre",1926,"Nacional","Media",0,0,0,"Partido Demócrata Cristiano (PDC)",NA,NA,NA,"Diputado","Diputado","Diputado","Ejercicio Libre de Prof.","Directorio o gerencia de Emp. privada",NA,NA,NA,NA,0,0,0,1,0,0,0,0,0
"377","Hombre",NA,"Regional",NA,0,0,0,"Partido Demócrata Cristiano (PDC)",NA,NA,NA,"Jefe de gabinete","Gobernador","Asesor ministerial","Jefe de gabinete","Intendente","Ejercicio Libre de Prof.","Universidades",NA,NA,0,0,0,0,0,1,0,0,0
"378","Hombre",1956,"Nacional","Titulado de Doctor",0,0,0,"Partido Demócrata Cristiano (PDC)",NA,NA,NA,"Asesor ministerial","Subsecretario","ONGs","Ministro","ONGs","Senador",NA,NA,NA,0,1,0,0,0,0,0,0,0
"379","Hombre",1969,"Nacional","Universitaria completa",0,0,0,"Partido Demócrata Cristiano (PDC)",NA,NA,NA,"Diputado","Senador",NA,NA,NA,NA,NA,NA,NA,0,0,1,0,0,0,0,0,0
"380","Hombre",NA,"No ocupó cargo",NA,0,0,0,"Partido Demócrata Cristiano (PDC)",NA,NA,NA,"Jefe de gabinete","Subsecretario","Jefe de División",NA,NA,NA,NA,NA,NA,0,0,0,0,1,0,0,0,0
"381","Hombre",1959,"Local","Titulado de Doctor",1,0,1,"Movimiento de Izquierda Revolucionaria (MIR)","Movimiento de Acción Popular Unitaria (MAPU)","Partido Por la Democracia (PPD)",NA,"Asesor ministerial","Subsecretario","Ministro",NA,NA,NA,NA,NA,NA,0,1,0,0,0,0,0,0,0
"382","Mujer",1947,"Nacional","Universitaria completa",0,0,0,"Partido Por la Democracia (PPD)",NA,NA,NA,"Subsecretario","Diputado","Ejercicio Libre de Prof.","Otro (especificar)",NA,NA,NA,NA,NA,0,0,0,1,0,0,0,0,0
"383","Hombre",1936,"Nacional","Universitaria completa",0,0,0,"Partido Demócrata Cristiano (PDC)",NA,NA,NA,"Senador","Ministro","Ejercicio Libre de Prof.",NA,NA,NA,NA,NA,NA,0,1,0,0,0,0,0,0,0
"384","Hombre",1943,"Nacional","Universitaria completa",0,0,0,"Partido Demócrata Cristiano (PDC)","Partido Regionalista de los Independientes (PRI)",NA,NA,"Ejercicio Libre de Prof.","Senador",NA,NA,NA,NA,NA,NA,NA,0,0,1,0,0,0,0,0,0
"385","Hombre",1947,"Nacional","Titulado de Magíster",0,0,0,"Partido Demócrata Cristiano (PDC)",NA,NA,NA,"Intendente","Ministro",NA,NA,NA,NA,NA,NA,NA,0,1,0,0,0,0,0,0,0
"386","Hombre",NA,"Local",NA,0,0,0,"Partido Demócrata Cristiano (PDC)",NA,NA,NA,"Asesor ministerial","Asesor ministerial","Jefe de División","Jefe de División",NA,NA,NA,NA,NA,0,0,0,0,0,0,0,1,0
